,station_id,elevation,lat,lon,original_id
0,Berlin-Tegel_4,36.0,52.5644,13.3088,430
1,Eppingen-Elsenz_2,220.0,49.1664,8.8523,1255
2,Eppingen-Elsenz_3,226.0,49.1661,8.8483,1255
3,Görlitz_8,238.48,51.1621,14.9506,1684
4,Görlitz_9,238.48,51.1621,14.9506,1684
5,Groß Kreutz-Krielow_2,31.0,52.4042,12.7923,1801
6,Groß Kreutz-Krielow_3,31.0,52.4169,12.8006,1801
7,Hohenstein-Bernloch_1,740.0,48.3551,9.3356,2292
8,Kemnath_2,460.0,49.8671,11.8807,2556
9,Leinefelde_3,356.0,51.3933,10.3123,2925
10,Leinefelde_4,355.87,51.3932,10.3123,2925
11,Mallersdorf-Pfaffenberg-Oberlindhart_5,390.0,48.7548,12.2118,3147
12,Plauen_4,386.0,50.4819,12.13,3946
13,Plauen_5,387.13,50.4818,12.13,3946
14,Schleiz_4,501.0,50.5679,11.8041,4464
15,Schleiz_5,501.38,50.5679,11.8041,4464
16,Vilgertshofen-Pflugdorf_6,682.0,47.9688,10.9156,5227
17,Vilgertshofen-Pflugdorf_7,682.0,47.9692,10.9152,5227
18,Nastätten_0,268.0,50.1989,7.8651,6186
19,Markt Erlbach-Mosbach_0,362.0,49.5314,10.6418,6312
20,Speichersdorf_0,463.0,49.8713,11.7883,19299
21,Abtsgmünd-Untergröningen_5,432.0,48.9219,9.9129,20
22,Adelsdorf (Kläranlage)_3,260.0,49.7175,10.9101,29
23,Großenkneten_4,43.5,52.9336,8.237,44
24,Aholfing_3,325.0,48.945,12.4639,46
25,Ahrensfelde_5,60.0,52.585,13.5634,53
26,Aldersbach-Kriestorf_4,340.0,48.6159,13.0506,73
27,Alfhausen_3,65.0,52.4853,7.9126,78
28,Alperstedt_3,158.0,51.095,11.0479,87
29,Alsfeld-Eifa_7,300.0,50.7446,9.345,91
30,Neuruppin-Alt Ruppin_1,49.84,52.9437,12.8518,96
31,Hagelstadt_1,363.5,48.896,12.217,103
32,Altendorf_1,388.0,49.4053,12.2852,118
33,"Bibra, Bad-Altenroda_4",265.0,51.2388,11.577,124
34,Altertheim-Oberaltertheim_5,300.0,49.7283,9.7692,130
35,Geringswalde-Altgeringswalde_3,295.5,51.0881,12.9326,131
36,Altomünster-Maisbrunn_4,510.5,48.406,11.3117,142
37,Altusried-Muthmannshofen_5,730.0,47.7922,10.0988,146
38,Alzey_10,215.0,49.7273,8.1164,150
39,Amberg-Unterammersricht_6,381.5,49.4691,11.8546,151
40,Amerang-Pfaffing_1,515.5,48.0197,12.2925,154
41,Amöneburg-Rüdigheim_3,210.0,50.784,8.9545,158
42,Andernach_2,75.0,50.4237,7.4202,161
43,Angermünde_9,53.91,53.0316,13.9908,164
44,Anklam_4,11.0,53.8408,13.6854,167
45,Arkona_3,42.0,54.6791,13.4344,183
46,Arnstein-Müdesheim_4,216.5,49.9694,9.9114,191
47,"Arolsen-Landau, Bad_4",265.0,51.3431,9.0763,194
48,Artern_6,163.91,51.3744,11.292,198
49,Lauperath-Scheidchen_3,517.0,50.085,6.3161,200
50,Aschau-Stein_3,681.0,47.7275,12.2982,205
51,Aßlar Klein-Altenstädten_1,200.0,50.58,8.4685,211
52,Sargstedt_7,170.0,51.9375,10.9897,213
53,Attendorn-Neulisternohl_1,298.0,51.1143,7.8807,216
54,Attenkam_2,670.0,47.8774,11.3643,217
55,Aue_4,393.0,50.5908,12.7139,222
56,Aufseß-Hochstahl_3,431.5,49.8823,11.2656,227
57,Augsburg_5,461.53,48.4253,10.9417,232
58,Aura im Sinngrund_2,292.5,50.1805,9.5743,240
59,Baden-Baden-Geroldsau_8,240.0,48.727,8.2457,257
60,Müllheim_4,275.0,47.8064,7.6387,259
61,Baiersbronn-Mitteltal_2,599.0,48.5116,8.3176,269
62,Balderschwang_2,1039.0,47.465,10.1043,275
63,Baltmannsweiler-Hohengehren_3,457.0,48.7574,9.4514,279
64,Bamberg_6,239.96,49.8743,10.9206,282
65,Walternienburg-Ronney_5,52.5,51.961,11.9159,287
66,Barnstorf_2,37.0,52.6965,8.487,292
67,Barsinghausen-Hohenbostel_0,110.0,52.3199,9.43,294
68,Barth_10,3.0,54.3405,12.7108,298
69,Bartholomä_2,658.5,48.7584,9.9855,301
70,Baruth_6,54.6,52.0613,13.4997,303
71,Battenberg-Hof Karlsburg_1,590.0,51.0662,8.5375,310
72,Baumgarten_4,51.0,53.8149,11.8818,312
73,"Kubschütz, Kr. Bautzen_9",234.0,51.1604,14.5042,314
74,Bayerfeld-Steckweiler -Schmalfelderhof_2,310.0,49.6957,7.8387,316
75,Heinersreuth-Vollhof_6,349.5,49.9666,11.5198,320
76,Bechhofen/Mittelfranken -Voggendorf_1,425.0,49.1626,10.5918,323
77,Oberzent-Beerfelden_6,455.0,49.5617,8.9673,330
78,Hörselberg-Hainich-Behringen_6,290.0,51.0221,10.5148,336
79,Belm_1,103.29,52.317,8.1694,342
80,"Bentheim, Bad_2",50.0,52.3018,7.1301,357
81,Beratzhausen_1,464.0,49.1022,11.796,359
82,Berching_3,403.0,49.1115,11.4328,360
83,"Bergzabern, Bad_5",210.0,49.107,7.9967,377
84,Berka_1,136.0,51.6843,10.1077,378
85,"Berka, Bad (Flugplatz)_1",304.0,50.9074,11.2665,379
86,"Berleburg, Bad-Arfeld_9",436.0,51.0148,8.4318,389
87,"Berleburg, Bad-Stünzel_0",610.0,50.9837,8.3683,390
88,Berlin-Alexanderplatz_1,35.8,52.5198,13.4057,399
89,Berlin-Buch_4,59.8,52.631,13.5021,400
90,Berlin-Marzahn_1,61.2,52.5447,13.5598,420
91,Berlin Brandenburg_5,46.0,52.3807,13.5306,427
92,Berlin-Tempelhof_8,48.0,52.4675,13.4021,433
93,Bernbeuren-Prachtsried_1,936.0,47.7388,10.7448,443
94,Bernburg/Saale (Nord)_5,84.5,51.8218,11.711,445
95,Bernkastel-Kues_0,120.0,49.9186,7.0664,450
96,Berus_3,363.0,49.2641,6.6868,460
97,Wächtersbach_2,138.0,50.2435,9.2892,479
98,Ühlingen-Birkendorf_2,760.0,47.7453,8.3111,498
99,"Bischdorf, Kreis Oberspreewald_2",78.5,51.7982,13.9716,504
100,Bissingen (Kläranlage)_7,425.0,48.7092,10.6283,522
101,Blankenrath_4,417.0,50.0372,7.3079,535
102,Bleckede-Walmsburg_4,12.0,53.2401,10.8522,542
103,Bobeck_0,344.0,50.9041,11.7985,550
104,Weischlitz-Heinersgrün_9,517.0,50.3887,11.9955,551
105,Bocholt-Liedern (Wasserwerk)_2,23.0,51.8293,6.5365,554
106,Bochum_6,101.0,51.4789,7.2697,555
107,Bockhorn-Grabstede_3,11.0,53.367,7.9679,561
108,Bodenfelde-Amelith_2,258.0,51.6957,9.5135,567
109,Börfink-Thranenweier_2,585.0,49.7067,7.0973,583
110,Bogen-Pfelling_2,343.0,48.8846,12.7453,589
111,Boizenburg_3,45.0,53.3911,10.6878,591
112,Boltenhagen_4,15.0,54.0027,11.1908,596
113,Königswinter-Heiderhof_5,147.17,50.7293,7.204,603
114,Borgentreich_6,206.0,51.5677,9.2324,613
115,Borken in Westfalen_1,47.0,51.873,6.8863,617
116,Westheide-Born_6,66.0,52.3745,11.4655,622
117,Bottmersdorf-Klein Germersleben_5,87.0,52.0193,11.4059,630
118,Boxberg_3,125.5,51.4041,14.5681,633
119,Brakel_5,150.0,51.7049,9.1738,644
120,Brannenburg-Degerndorf_2,483.0,47.7241,12.1092,653
121,Braunlage_5,607.3,51.7234,10.6021,656
122,Braunschweig_5,81.44,52.2915,10.4464,662
123,Breitenbrunn-Fürbuch_1,610.0,48.1266,10.3649,677
124,Breitnau_5,999.5,47.9385,8.0761,684
125,Bremen_20,4.04,53.0451,8.7981,691
126,Bremerhaven_6,6.45,53.5332,8.5761,701
127,Bremervörde_1,10.57,53.4451,9.139,704
128,Neu Madlitz_1,46.0,52.3653,14.2474,714
129,Schönwölkau-Brinnis_3,101.0,51.5171,12.4362,721
130,Brocken_5,1134.68,51.7986,10.6183,722
131,Kail_2,290.0,50.1841,7.24,723
132,Bruchsal-Heidelsheim_3,130.0,49.1127,8.6372,731
133,Brück-Gömnigk_8,52.0,52.1692,12.7334,735
134,Bucha_2,305.33,50.87,11.5022,753
135,"Buchen, Kr. Neckar-Odenwald_5",340.0,49.5182,9.3213,755
136,Buchenbach_1,445.0,47.9625,7.9983,757
137,Rosengarten-Klecken_3,82.0,53.3629,9.9435,760
138,Osterwieck-Rimbeck_2,100.0,52.0,10.6323,775
139,Bütthard_1,262.5,49.6063,9.8834,789
140,Bordelum_4,8.0,54.6328,8.937,791
141,Burbach-Würgendorf_6,412.0,50.7556,8.1257,796
142,Burg-Blumenthal_8,39.0,52.3241,11.8339,797
143,Burgbernheim_5,330.5,49.4549,10.3241,801
144,Schlüsselfeld (Kläranlage)_5,290.0,49.745,10.6434,807
145,"Mehring, Kr. Altötting-Niederholz_2",413.0,48.187,12.8098,808
146,Burgkunstadt_2,277.5,50.1429,11.2322,812
147,Pfarrweisach-Lohr (Pegel)_2,270.0,50.1451,10.7066,814
148,Seegebiet Mansfelder Land-Dederstedt_5,161.5,51.5426,11.6947,815
149,Burgwald-Bottendorf_4,293.0,51.0306,8.8146,817
150,"Camberg, Bad_4",244.0,50.2863,8.2949,837
151,Carlow_6,27.0,53.7575,10.9288,839
152,Carlsfeld_3,895.32,50.4313,12.6114,840
153,Celle (Stadt)_8,38.0,52.6146,10.0726,848
154,Chemnitz_7,416.11,50.7913,12.872,853
155,Chieming_2,551.2,47.8843,12.5404,856
156,Chiemsee-Herrenchiemsee_2,534.5,47.8665,12.395,857
157,Lautertal-Oberlauter_14,343.79,50.3066,10.9679,867
158,Coesfeld_4,87.0,51.9618,7.1585,871
159,Zielitz_1,52.0,52.2994,11.6733,874
160,Cottbus_1,69.0,51.7759,14.3168,880
161,Creußen-Bühl_3,449.5,49.8449,11.616,885
162,Cuxhaven_5,5.0,53.8713,8.7058,891
163,Dachwig_3,170.0,51.0778,10.8619,896
164,Dahlem-Schmidtheim_8,572.5,50.4115,6.5615,902
165,Darmstadt_0,162.0,49.8809,8.6779,917
166,Dasing (Kläranlage)_4,460.0,48.395,11.0594,922
167,Deggenhausertal-Azenweiler_1,712.0,47.8007,9.4108,931
168,"Deisenhofen, Kreis München_2",585.0,48.0368,11.5777,933
169,Delbrück_0,88.0,51.7835,8.5658,934
170,Densborn_8,308.0,50.122,6.599,942
171,Deuselbach_6,480.5,49.7619,7.0542,953
172,Diemelstadt-Rhoden_7,258.0,51.4743,9.0039,961
173,Stadtilm-Dienstedt_4,326.0,50.8018,11.1692,962
174,Diepholz_4,37.7,52.5881,8.3424,963
175,Diesdorf_2,65.0,52.7522,10.8831,966
176,Dietenhofen_1,405.0,49.4158,10.6734,970
177,Südharz-Dietersdorf_2,440.0,51.5307,11.0457,974
178,Holzheim bei Diez_6,155.0,50.3574,8.0485,978
179,Dillenburg_6,314.0,50.7364,8.2672,979
180,Dillingen/Donau-Fristingen_2,419.0,48.5562,10.5599,983
181,Dinkelsbühl-Oberwinstetten_2,492.0,49.0504,10.2892,985
182,Dinklage_4,23.0,52.6746,8.114,988
183,Dinslaken_8,46.0,51.5765,6.7849,989
184,Dippoldiswalde-Reinberg_4,358.5,50.9116,13.7087,991
185,Doberlug-Kirchhain_5,96.8,51.6451,13.5747,1001
186,Dollart-Kanalpolder_3,2.0,53.2289,7.2191,1014
187,Dorfen (Kläranlage)_3,430.0,48.2746,12.1616,1023
188,Dormagen-Zons_6,37.0,51.1157,6.851,1024
189,Dornum_1,1.0,53.646,7.4302,1030
190,Dransfeld-Ossenfeld_2,317.0,51.5263,9.7978,1039
191,Drensteinfurt_6,72.0,51.7585,7.7528,1046
192,Dresden-Klotzsche_7,227.57,51.1278,13.7543,1048
193,Dresden-Hosterwitz_5,112.0,51.0221,13.847,1050
194,Dresden-Strehlen_3,120.0,51.0248,13.775,1051
195,Drewitz bei Burg_2,80.0,52.2174,12.1641,1052
196,Driedorf_9,482.0,50.6316,8.1813,1055
197,Drochtersen_2,2.0,53.7118,9.3791,1056
198,Düben_4,95.0,51.9265,12.3852,1067
199,"Dürkheim, Bad_10",107.0,49.4719,8.1929,1072
200,Düsseldorf_5,36.6,51.296,6.7686,1078
201,Durbach-Ebersweier_1,196.5,48.5017,7.9943,1089
202,Eberbach_7,131.0,49.4593,8.9595,1093
203,Eberfing_3,611.0,47.7958,11.1991,1094
204,Ebersberg-Halbing_7,591.5,48.1003,11.9872,1103
205,Ebrach_3,345.5,49.852,10.4991,1107
206,Edelsfeld_2,535.0,49.5767,11.6975,1119
207,Eggebek_2,17.0,54.6282,9.3649,1130
208,Eggenfelden_3,410.0,48.3956,12.7287,1132
209,Eichendorf_3,350.0,48.636,12.8531,1158
210,Eichstätt-Landershofen_5,384.0,48.8777,11.2349,1161
211,Eilenburg_5,106.89,51.4603,12.6687,1166
212,Eimen-Vorwohle_1,265.0,51.8873,9.728,1170
213,Eisenbach_3,976.0,47.9634,8.2693,1176
214,Ellwangen-Rindelbach_4,460.0,48.9895,10.1312,1197
215,Elpersbüttel_0,2.99,54.0691,9.0105,1200
216,"Elster, Bad-Sohl_7",557.5,50.2705,12.2742,1207
217,Elsterwerda_2,90.0,51.4505,13.5046,1210
218,Elzach-Fisnacht_1,430.5,48.2012,8.1088,1214
219,Elztal-Rittersbach_4,312.0,49.4251,9.243,1216
220,Ringe-Großringe_9,13.0,52.5983,6.9449,1223
221,Emmendingen-Mundingen_3,200.5,48.1378,7.8351,1224
222,Tacherting-Spreit_1,507.0,48.089,12.5073,1237
223,Enger_5,128.0,52.15,8.5226,1241
224,Ennigerloh-Ostenfelde_3,104.0,51.8418,8.0607,1246
225,Nentershausen (KA)_1,286.0,50.426,7.9395,1253
226,München-Flughafen_3,445.5,48.3477,11.8134,1262
227,Erfde_2,18.0,54.2992,9.3162,1266
228,Erfurt-Weimar_6,316.0,50.9829,10.9608,1270
229,Cremlingen-Destedt_0,160.0,52.2449,10.7182,1278
230,Möhrendorf-Kleinseebach_4,267.5,49.6497,11.0075,1279
231,Erlbach-Eubabrunn_5,565.0,50.3043,12.3834,1282
232,Eschbronn-Mariazell_4,715.5,48.1868,8.4672,1290
233,Eschwege_9,156.0,51.2041,10.0138,1297
234,Eslohe_2,351.0,51.254,8.1565,1300
235,Essen-Bredeney_9,150.0,51.4041,6.9677,1303
236,"Essen-Brockhausen, Bad_3",48.0,52.3345,8.3877,1304
237,Ettal-Linderhof_5,940.0,47.5665,10.9583,1313
238,Etzleben_3,137.0,51.261,11.1754,1320
239,Weilerswist-Lommersum_5,147.0,50.7119,6.7905,1327
240,"Falkenberg,Kr.Rottal-Inn_3",471.0,48.4832,12.7241,1332
241,"Fallingbostel, Bad_1",70.0,52.8568,9.6756,1336
242,"Feilnbach,Bad_2",476.0,47.7956,12.0161,1343
243,Feldberg/Schwarzwald_3,1489.6,47.8749,8.0038,1346
244,Felgentreu_2,48.0,52.0997,13.0016,1350
245,Fichtelberg/Oberfranken-Hüttstadl_5,654.5,49.9807,11.8376,1357
246,Fichtelberg_5,1213.0,50.4283,12.9536,1358
247,Finsing (Kraftwerk)_2,498.0,48.2213,11.7989,1366
248,Flossenbürg_3,621.0,49.7316,12.3489,1392
249,Birx/Rhön_4,747.0,50.5309,10.0479,1411
250,Frankfurt/Main_9,99.7,50.0259,8.5213,1420
251,Frankfurt/Main-Westend_1,124.0,50.1269,8.6694,1424
252,Ilmenau-Frauenwald_5,768.0,50.5921,10.8575,1435
253,Freiberg_4,416.0,50.9263,13.2711,1441
254,Freiburg_5,236.46,48.0232,7.8343,1443
255,Freiburg/Elbe_1,2.0,53.8277,9.2493,1451
256,Freihung-Großschönbrunn_2,492.0,49.5747,11.8859,1458
257,Freudenstadt_2,796.54,48.4538,8.409,1468
258,Freystadt-Michelbach_3,414.0,49.1869,11.308,1473
259,Goldenbow_3,52.0,53.5389,11.7607,1495
260,Friedrichswalde_5,74.0,53.0238,13.7088,1497
261,Friesoythe-Altenoythe_3,5.73,53.0643,7.902,1503
262,Marklkofen (Betriebsstelle Vilstalsee)_2,400.0,48.5587,12.5719,1511
263,Fulda-Horas_16,242.0,50.5668,9.6532,1526
264,Gangkofen (Kläranlage)_3,498.0,48.4327,12.5714,1542
265,Gardelegen_2,47.0,52.5129,11.3942,1544
266,Garmisch-Partenkirchen_2,719.25,47.483,11.0621,1550
267,Gedern-Schönhausen_6,414.0,50.4034,9.2076,1561
268,Geisa_5,281.1,50.7133,9.9539,1573
269,Geisenfeld-Eichelberg_7,395.0,48.6516,11.5845,1578
270,Geisenheim_11,110.2,49.9859,7.9548,1580
271,Geisingen_2,673.0,47.9242,8.6474,1584
272,Gelbelsee_3,536.0,48.9481,11.4289,1587
273,Geldern-Walbeck_3,37.0,51.4942,6.2463,1590
274,Gelsenkirchen-Buer_6,91.0,51.5762,7.0652,1595
275,Oberbachheim_6,328.0,50.248,7.7456,1598
276,Ohlsbach_4,177.0,48.433,7.993,1602
277,Genthin_6,35.0,52.3875,12.1602,1605
278,Georgensgmünd_4,343.5,49.1934,11.0267,1607
279,Gera-Leumnitz_5,311.0,50.8812,12.1289,1612
280,Gießen/Wettenberg_8,203.2,50.6017,8.6439,1639
281,Gilching_5,550.0,48.1085,11.2781,1642
282,Gilserberg-Moischeid_4,340.0,50.9656,9.05,1645
283,Henschtal_1,250.0,49.4648,7.4111,1650
284,Borrentin-Wolkwitz_6,43.0,53.808,12.9607,1669
285,Gößweinstein_13,441.0,49.7656,11.3062,1689
286,Göttingen_3,167.42,51.5002,9.9507,1691
287,Goldberg_4,58.0,53.6058,12.1034,1694
288,Gottmadingen_2,438.0,47.7344,8.7932,1711
289,Grabow (Kläranlage Fahlenkamp)_4,28.0,53.2651,11.5042,1717
290,Gräfenberg-Kasberg_1,505.5,49.664,11.2239,1721
291,Grainet-Rehberg_1,628.0,48.7894,13.629,1735
292,Grambek_2,27.0,53.5731,10.6797,1736
293,Graustein_0,138.5,51.5718,14.4763,1744
294,Grebenstein_3,190.0,51.4511,9.4138,1750
295,Greifswald_2,2.0,54.0967,13.4056,1757
296,Greifswalder Oie_4,12.0,54.2437,13.9102,1759
297,Münster/Osnabrück_4,47.8,52.1344,7.6969,1766
298,Grevesmühlen_2,23.0,53.8312,11.1713,1769
299,Tangerhütte-Grieben_3,38.0,52.4233,11.966,1770
300,Groß Berßen_2,27.0,52.7553,7.4815,1792
301,Hecklingen-Groß Börnecke_2,104.0,51.8806,11.465,1793
302,Groß Lüsewitz_3,34.0,54.0714,12.3238,1803
303,Schorfheide-Groß Schönebeck_2,56.0,52.9094,13.5371,1810
304,Groß Wittensee_2,15.0,54.4032,9.7654,1813
305,Groß-Gerau-Wallerstädten_6,87.0,49.9052,8.4459,1814
306,Großenbrode_2,2.5,54.3726,11.0828,1827
307,Großer Arber_3,1436.0,49.1129,13.1338,1832
308,Feldkirchen-Westerham-Lenzmühle_5,517.0,47.9411,11.9004,1844
309,Pilsting-Bäckermühle_6,344.0,48.6773,12.6207,1846
310,Weißenfels-Wengelsdorf_6,92.0,51.2743,12.0517,1847
311,Markranstädt-Großlehna_2,118.0,51.309,12.1718,1848
312,Großostheim_3,110.0,49.9229,9.0904,1851
313,Gründau-Breitenborn_3,258.0,50.2667,9.1854,1863
314,Grünow_3,55.9,53.3154,13.9339,1869
315,Grünstadt_5,160.0,49.5665,8.178,1870
316,Günzburg_1,443.5,48.4878,10.2608,1886
317,Parum_3,10.0,53.8119,12.114,1888
318,Vilsheim-Münchsdorf_3,450.0,48.4522,12.1549,1900
319,Haigerloch-Weildorf_2,524.0,48.3705,8.7666,1937
320,Haimhausen-Ottershausen_2,464.0,48.3028,11.5318,1938
321,Halblech-Trauchgau_2,780.0,47.6463,10.8073,1950
322,Olsdorf_2,328.0,49.9445,6.3821,1964
323,Hamburg-Fuhlsbüttel_4,10.65,53.6332,9.9881,1975
324,Hamburg-Neuwiedenthal_3,3.0,53.4777,9.8957,1981
325,Hammelburg_5,220.0,50.1219,9.9079,1997
326,Hannover-Herrenhausen_2,50.0,52.3965,9.6629,2011
327,Hannover-Kirchrode_2,57.0,52.3671,9.819,2012
328,Hannover_6,55.24,52.4644,9.6779,2014
329,Harburg_2,501.26,48.7918,10.7062,2023
330,Harsewinkel_5,63.0,51.9753,8.2094,2027
331,"Harzburg, Bad_4",201.0,51.9002,10.5699,2039
332,Harzgerode_3,404.0,51.652,11.1366,2044
333,Haslach im Kinzigtal_1,218.0,48.2766,8.0841,2050
334,Hasloch/Main_3,130.0,49.7845,9.4722,2051
335,Haundorf-Obererlbach_3,449.0,49.184,10.8243,2064
336,Haunetal-Wehrda_1,257.0,50.7384,9.6607,2066
337,Hechingen_4,517.5,48.3752,8.98,2074
338,Heinrichsthal_2,450.0,50.0664,9.3458,2109
339,Heinsberg-Schleiden_5,57.0,51.0411,6.1042,2110
340,Helgoland_4,4.36,54.175,7.892,2115
341,Helmbrechts_3,650.0,50.238,11.7033,2119
342,Herleshausen-Archfeld_2,380.0,51.0425,10.1468,2152
343,Herrenberg_2,434.0,48.5915,8.8541,2159
344,Weißenseifen_1,526.0,50.1499,6.5527,2170
345,"Hersfeld, Bad_6",272.2,50.852,9.7377,2171
346,Herzberg_2,238.0,51.6255,10.3695,2174
347,Herzberg-Lonau_1,340.0,51.689,10.357,2175
348,Hessisch Lichtenau-Fürstenhagen_3,340.0,51.2099,9.6914,2184
349,Hiddensee-Vitte_5,1.0,54.575,13.1044,2201
350,Hilgenroth_1,295.0,50.737,7.6525,2211
351,Lissendorf_4,407.0,50.3105,6.6236,2213
352,Unterjoch_1,1015.0,47.5561,10.4274,2222
353,Hirschberg_3,446.0,50.404,11.8193,2233
354,Hirschthal_1,205.0,49.049,7.756,2236
355,Bertsdorf-Hörnitz_2,270.0,50.899,14.7457,2252
356,Hörstel-Riesenbeck_0,46.0,52.2396,7.6449,2254
357,Hof_3,565.2,50.3123,11.876,2261
358,Ventschow_2,43.0,53.7784,11.5595,2272
359,Hohenberg/Eger_2,518.0,50.092,12.2134,2274
360,Hohenbucko_1,131.0,51.764,13.47,2278
361,Hohenpeißenberg_4,977.2,47.8009,11.0108,2290
362,Hohenstein-Breithardt_7,315.0,50.1918,8.0888,2293
363,Hohenthann_1,468.0,48.6572,12.0887,2294
364,Hohwacht_2,8.0,54.3194,10.6732,2306
365,Holzkirchen_1,685.0,47.8823,11.6961,2319
366,"Bevern, Kr. Holzminden_3",110.0,51.8529,9.4953,2323
367,"Homburg, Bad (Filterwerk)_3",255.0,50.2446,8.5725,2329
368,Homburg/Saar_9,235.0,49.3278,7.3533,2331
369,Hude/Oldenburg_5,4.0,53.1228,8.4205,2355
370,Hümmerich_2,328.0,50.5651,7.4843,2362
371,Stützengrün-Hundshübel_7,604.0,50.5466,12.5706,2372
372,Büchlberg-Tannöd_4,455.0,48.6549,13.5077,2376
373,Buchloe_1,626.0,48.0374,10.7409,2387
374,Ihringen_1,193.0,48.0419,7.6322,2388
375,Immenstadt-Reute_4,960.0,47.6078,10.202,2405
376,Ingolstadt (Flussmeisterstelle)_8,360.0,48.7662,11.4539,2409
377,Inzell_3,690.0,47.7592,12.7502,2412
378,Irschenberg-Kasthub_1,712.5,47.8177,11.8681,2415
379,Isen-Westach_2,548.5,48.2022,12.0382,2416
380,Itzehoe_1,21.0,53.9897,9.5696,2429
381,Itzgrund-Herreth_2,366.5,50.1337,10.9317,2431
382,Uckerland-Karlstein_2,41.0,53.4277,13.8166,2438
383,Jena (Sternwarte)_1,155.0,50.9251,11.583,2444
384,Jettenbach_2,403.0,48.178,12.3798,2453
385,Jork-Moorende_1,1.0,53.5083,9.7376,2465
386,Jülich (Kläranlage)_6,76.0,50.9316,6.3431,2473
387,Kahl/Main_6,107.5,50.0643,8.993,2480
388,Kahler Asten_4,839.0,51.1803,8.4891,2483
389,Kaisersbach-Cronhütte_8,488.7,48.917,9.6871,2485
390,Kaiserslautern_12,271.0,49.4262,7.7557,2486
391,Kall-Sistig_2,505.0,50.5014,6.5264,2497
392,Groß Kiesow-Schlagtow_3,34.0,54.0117,13.4999,2518
393,Karstädt/Prignitz_1,32.0,53.1724,11.7491,2531
394,"Kastl, Kreis Amberg-Sulzbach_3",424.5,49.3658,11.6925,2538
395,Katzhütte_5,452.0,50.5467,11.0317,2541
396,Kehl-Odelshofen_3,141.0,48.5576,7.88,2546
397,Kelheim_2,350.0,48.9244,11.85,2550
398,Kempten_6,705.2,47.7233,10.3348,2559
399,Helbedündorf-Keula_7,428.0,51.334,10.529,2562
400,Kiel-Holtenau_3,28.41,54.3776,10.1424,2564
401,Kirchberg/Jagst-Herboldshausen_3,431.5,49.1804,9.98,2575
402,"Kirchdorf, Kreis Diepholz_2",34.0,52.6007,8.8522,2577
403,Kirchdorf/Poel_1,14.0,53.9995,11.4341,2578
404,Kirn_6,181.0,49.789,7.4853,2595
405,"Kissingen, Bad_8",281.8,50.224,10.0792,2597
406,Kitzingen_6,193.0,49.7363,10.1781,2600
407,Kleiner Feldberg/Taunus_6,822.1,50.2218,8.4469,2601
408,Kleiner Inselsberg_0,732.0,50.8458,10.4803,2618
409,Kleßen_1,38.0,52.739,12.4984,2625
410,Klettwitz_0,128.0,51.5554,13.8845,2627
411,Kleve_9,46.0,51.7612,6.0954,2629
412,Klippeneck_2,973.46,48.1054,8.7548,2638
413,Klitzschen bei Torgau_1,90.4,51.5185,12.9065,2641
414,Kochel-Einsiedl (Kraftwerk)_2,805.0,47.5699,11.3006,2660
415,Köckte_1,59.0,52.5233,11.1261,2662
416,Köln-Bonn_4,92.0,50.8646,7.1575,2667
417,Königsborn_5,52.5,52.1331,11.7757,2673
418,Königsfeld/Schwarzwald_4,730.0,48.1413,8.4285,2677
419,"Königshofen, Bad_8",288.5,50.284,10.4456,2680
420,Königsmoor_2,40.0,53.2279,9.6527,2689
421,Kösching_3,416.0,48.8302,11.4872,2700
422,Köthen (Anhalt)_3,76.44,51.7511,12.0094,2704
423,"Kohlgrub, Bad (Rosshof)_1",742.0,47.6652,11.0805,2708
424,Kolitzheim_4,230.0,49.9164,10.2363,2709
425,Konstanz_5,428.06,47.6952,9.1307,2712
426,Korbach-Rhena_4,458.0,51.288,8.7928,2718
427,Kremmen-Groß Ziethen_2,45.6,52.7277,13.0121,2733
428,Krempel_7,1.5,54.3237,9.0247,2734
429,Kreuth-Glashütte_1,897.0,47.6105,11.6462,2740
430,Gersdorf_3,52.0,54.0805,11.7425,2749
431,Kronach_5,310.0,50.2524,11.3209,2750
432,Krün_1,873.0,47.5041,11.2814,2759
433,Norden-Leybuchtpolder_2,1.0,53.5039,7.1217,2763
434,Kuhbier_1,63.0,53.1486,12.0851,2779
435,Kupferzell-Rechbach_2,354.0,49.2428,9.6786,2787
436,Diedorf/Schwaben-Biburg_1,498.0,48.3737,10.7604,2792
437,Kyritz_7,40.0,52.9362,12.4093,2794
438,"Lage, Kreis Lippe-Hörste_4",150.0,51.9446,8.7749,2810
439,Lahr_7,155.74,48.3647,7.828,2812
440,Merklingen_3,687.0,48.5122,9.7644,2814
441,Lamstedt_2,25.0,53.6369,9.0979,2822
442,Langelsheim-Astfeld_1,210.0,51.9262,10.3461,2839
443,Langen (BZ)_0,125.0,50.0075,8.6547,2843
444,"Langen-Holßel, Kreis Cuxhaven_2",13.0,53.6956,8.6291,2844
445,Langenenslingen-Ittenhausen_3,777.5,48.1994,9.3327,2850
446,Langenlipsdorf_1,91.0,51.9173,13.0878,2856
447,Langenzenn_5,370.5,49.5076,10.7885,2860
448,"Lauchstädt, Bad_2",117.38,51.3909,11.8786,2878
449,Lauda-Königshofen-Heckfeld_3,318.5,49.5522,9.6345,2880
450,Lauf/Pegnitz (Kläranlage)_1,310.0,49.5042,11.2736,2884
451,Laufen/Obb.-Lebenau_8,430.0,47.9522,12.8978,2885
452,"Lauterberg,Bad-Bartolfelde_1",305.0,51.5957,10.463,2890
453,Lautertal/Odenwald-Reichenbach_1,208.3,49.709,8.6908,2900
454,Leck_4,7.0,54.7903,8.9514,2907
455,Leipzig-Holzhausen_11,138.0,51.3151,12.4462,2928
456,Leipzig/Halle_7,131.0,51.4347,12.2396,2932
457,Lennestadt-Theten_3,286.0,51.1333,8.0348,2947
458,Lenzen/Elbe_1,20.0,53.1007,11.4864,2951
459,Lenzkirch-Ruhbühl_1,854.0,47.8597,8.2308,2953
460,Ostritz_3,204.0,51.0265,14.9357,2958
461,Köln-Stammheim_5,43.0,50.9894,6.9777,2968
462,Lichtenhain-Mittelndorf_2,321.0,50.9383,14.2094,2985
463,Liebenau-Haueda_3,162.0,51.4882,9.2493,2988
464,Remptendorf_4,495.0,50.5276,11.6604,2992
465,Lieberose_1,49.3,51.9861,14.3044,2997
466,Lienen-Kattenvenne_2,55.0,52.1211,7.8699,2999
467,Lindberg-Buchenau_3,750.0,49.0315,13.3272,3012
468,Lindenberg_6,98.0,52.2085,14.118,3015
469,Lingen_4,22.0,52.5181,7.3081,3023
470,Lingerhahn/Hunsrück_1,485.0,50.094,7.5675,3024
471,"Lippspringe, Bad_3",157.0,51.7854,8.8388,3028
472,Lippstadt-Bökenförde_1,92.0,51.6336,8.3945,3031
473,List auf Sylt_4,24.7,55.011,8.4125,3032
474,"Lobenstein, Bad_4",495.5,50.4505,11.635,3034
475,Löhnberg-Obershausen_0,230.0,50.5617,8.2386,3042
476,Ludwigsstadt-Lauenstein_3,520.5,50.5131,11.3664,3080
477,Espelkamp-Isenstedt_4,65.0,52.3452,8.6477,3081
478,Lübben-Blumenfelde_2,56.7,51.9267,13.8797,3083
479,Lübeck-Blankensee_3,14.74,53.8025,10.6989,3086
480,Lüchow_7,16.21,52.9724,11.1374,3093
481,Kamenz-Cunnersdorf_3,166.0,51.3122,14.0499,3094
482,Lüdenscheid_1,386.7,51.2452,7.6425,3098
483,Mähring_2,677.0,49.9113,12.5276,3121
484,Magdeburg_10,79.0,52.1029,11.5827,3126
485,Mühlheim/Main_7,102.0,50.1294,8.8209,3136
486,Mainz-Lerchenberg (ZDF)_5,195.0,49.9656,8.2139,3137
487,Malk Göhren_2,31.0,53.2141,11.3686,3146
488,Mamming-Schneiderberg_1,448.5,48.6189,12.6233,3153
489,Manderscheid-Sonnenhof_7,413.0,50.1015,6.8009,3155
490,Manschnow_3,12.0,52.5468,14.5453,3158
491,"Cölbe, Kr. Marburg-Biedenkopf_10",187.0,50.8492,8.7745,3164
492,Marienberg_5,638.97,50.651,13.1469,3166
493,"Marienberg, Bad_3",546.6,50.6621,7.9603,3167
494,Raschau_5,504.0,50.5219,12.8282,3175
495,Markt Bibart_2,319.5,49.666,10.3851,3179
496,Markt Erlbach-Hagenhofen_2,360.0,49.4875,10.6277,3181
497,Marktoberdorf-Sulzschneid_3,790.0,47.7196,10.6433,3190
498,Marktschellenberg_6,505.5,47.7046,13.0372,3192
499,Marnitz_7,81.0,53.3222,11.9321,3196
500,Martinroda_0,429.0,50.7335,10.8815,3204
501,Marwitz (Wasserwerk)_1,32.8,52.6579,13.179,3205
502,Maßbach_5,328.0,50.1798,10.272,3207
503,Medebach-Berge_4,375.0,51.1683,8.7125,3215
504,Weesby_2,22.0,54.8373,9.1481,3217
505,Meeder-Ottowind_2,450.0,50.3571,10.8832,3220
506,Aschersleben-Mehringen_3,107.0,51.7259,11.5109,3226
507,Meiningen_3,450.0,50.5611,10.3771,3231
508,Garsebach bei Meißen_2,158.0,51.1294,13.4328,3234
509,Dewichow_8,2.0,53.9497,13.9742,3238
510,Memmingen_3,614.0,47.9821,10.1384,3244
511,Mengen-Ennetach_5,558.5,48.0557,9.3185,3247
512,Frankenblick-Mengersgereuth-Hämmern_4,516.0,50.3904,11.1324,3248
513,"Mergentheim, Bad-Neunkirchen_6",250.5,49.4773,9.7622,3257
514,Mering (Bauhof)_6,510.0,48.2708,10.9768,3258
515,Merzig_4,171.0,49.4566,6.6266,3263
516,Meßstetten-Appental_3,899.5,48.1694,8.9433,3268
517,Metten_1,314.0,48.8548,12.9189,3271
518,Metzingen_3,354.0,48.5377,9.2734,3278
519,Meuselwitz_5,173.0,51.0452,12.2989,3279
520,Meyenburg_2,98.0,53.3083,12.2937,3280
521,Michelstadt_8,240.0,49.6692,9.0085,3284
522,Michelstadt-Vielbrunn_2,453.0,49.7177,9.0997,3287
523,Schmieritz-Weltwitz_2,356.0,50.7281,11.7838,3289
524,Mindelheim_3,590.0,48.064,10.4839,3293
525,Krümmel_3,64.0,53.2681,12.7221,3297
526,Freienbessingen_4,294.0,51.2327,10.7694,3304
527,Mittenwald-Buckelwiesen_5,983.5,47.4779,11.2653,3307
528,Mittenwalde/Uckermark_2,74.0,53.1846,13.6545,3308
529,Röllbach_2,239.0,49.7644,9.253,3319
530,Mönchengladbach-Hilderath_0,76.5,51.1313,6.3609,3321
531,Monschau-Kalterherberg_7,541.0,50.5202,6.2084,3339
532,Montabaur_3,265.0,50.4383,7.8061,3340
533,Moormerland-Neermoor_2,0.0,53.311,7.4329,3342
534,Moringen-Lutterbeck_1,240.0,51.7209,9.8352,3348
535,Mühlacker_1,243.16,48.9721,8.8735,3362
536,Drei Gleichen-Mühlberg_8,286.0,50.8681,10.8211,3364
537,Mühldorf_5,405.6,48.279,12.5024,3366
538,Müncheberg_2,63.0,52.5176,14.1232,3376
539,München-Stadt_1,515.37,48.1632,11.5429,3379
540,Münsingen-Apfelstetten_5,754.5,48.3851,9.4837,3402
541,Münzenberg-Gambach_3,155.0,50.4522,8.7317,3413
542,Ehingen-Kirchen_2,594.0,48.2754,9.6355,3418
543,"Muskau, Bad_3",127.0,51.566,14.7008,3426
544,Nabburg (Flussmeisterstelle)_5,366.0,49.4497,12.1874,3429
545,Nagold_5,380.0,48.5675,8.7179,3432
546,Nandlstadt_2,476.5,48.5235,11.8398,3435
547,Nassenfels_2,401.0,48.8016,11.2181,3438
548,Nattheim-Fleinheim_2,530.0,48.7071,10.2997,3440
549,"Nauheim, Bad_3",148.5,50.3574,8.7506,3442
550,Jessen (Elster)-Naundorf_6,100.0,51.9245,12.8888,3445
551,Neckargemünd-Kleingemünd_2,117.0,49.3945,8.8046,3448
552,Neuruppin-Gühlen Glienicke_2,89.0,53.0528,12.7562,3473
553,Neuburg/Kammel-Langenhaslach_1,486.0,48.3115,10.3773,3485
554,"Neuenahr, Bad-Ahrweiler_2",111.0,50.5346,7.0853,3490
555,Föritztal-Neuenbau_4,738.0,50.441,11.2401,3491
556,Ludwigschorgast_1,336.0,50.1226,11.5596,3497
557,Neuenrade-Blintrop_1,292.0,51.2915,7.853,3499
558,Menz_0,78.0,53.102,13.0421,3509
559,Neuhaus am Rennweg_3,845.0,50.5002,11.1344,3513
560,Neuhausen ob Eck-Unterschwandorf_1,662.5,47.9519,8.9932,3519
561,Neukirchen bei Heiligen Blut_1,460.0,49.2586,12.9601,3525
562,Neukirchen-Hauptschwenda_2,500.0,50.8923,9.405,3527
563,Neumarkt-Sankt Veit (Kläranlage)_4,438.0,48.3658,12.5211,3535
564,Neumarkt/Oberpfalz_5,420.0,49.2835,11.4525,3536
565,Neunkirchen-Seelscheid-Krawinkel_0,195.0,50.8446,7.372,3540
566,Neunkirchen-Wellesweiler_5,236.0,49.344,7.2297,3545
567,Neustadt am Rübenberge_2,41.0,52.5,9.4941,3558
568,"Neustadt, Bad_5",230.0,50.3039,10.176,3560
569,Neustadt-Glewe-Friedrichsmoor_3,35.0,53.4571,11.5687,3564
570,Neustadt am Kulm-Filchendorf_2,451.5,49.8174,11.8638,3571
571,Neustadt bei Coburg (Kläranlage)_9,330.0,50.3198,11.1104,3572
572,Newel_2,365.0,49.8135,6.5857,3584
573,Nidderau-Erbstadt_4,162.0,50.2741,8.8653,3589
574,Nideggen-Schmidt_0,350.0,50.6743,6.424,3591
575,Oberstadtfeld_4,421.0,50.1749,6.77,3602
576,Loiching_3,415.5,48.6106,12.4143,3607
577,Nienburg_7,25.0,52.6711,9.2229,3612
578,Nittenau-Harting_1,430.5,49.1658,12.2788,3617
579,Reimlingen_6,435.0,48.8253,10.5067,3621
580,Nohfelden-Gonnesweiler_2,402.5,49.5568,7.0716,3625
581,Norderney_6,11.47,53.7123,7.1519,3631
582,Northeim-Imbshausen_2,212.0,51.763,10.0416,3650
583,Nürburg-Barweiler_1,485.0,50.3602,6.8697,3660
584,Nürnberg-Netzstall_4,369.0,49.4258,11.2539,3667
585,Nürnberg_9,314.0,49.503,11.0549,3668
586,Oberammergau_5,832.0,47.603,11.0607,3677
587,Kiefersfelden-Gach_8,518.0,47.6187,12.1665,3679
588,Oberaurach-Fatschenbrunn_2,426.0,49.9185,10.5963,3681
589,Oberharmersbach_4,372.0,48.3862,8.1426,3690
590,Oberleichtersbach-Modlos_0,471.5,50.2661,9.7727,3700
591,Oberndorf/Neckar_3,516.0,48.2851,8.5764,3704
592,Oberreute_1,895.5,47.5538,9.9406,3714
593,Oberschleißheim_3,484.0,48.2443,11.5528,3722
594,Oberstaufen-Thalkirchdorf_4,748.0,47.5577,10.0938,3729
595,Oberstdorf_3,805.76,47.3984,10.2759,3730
596,Obersulm-Willsbach_3,230.0,49.128,9.3525,3734
597,Oberviechtach_7,596.0,49.4521,12.4365,3739
598,Lohmen/Sachsen_2,195.0,50.9933,13.9808,3740
599,Öhringen_5,275.94,49.207,9.5176,3761
600,Offenbach/Main (Zentrallabor)_2,100.0,50.1029,8.7468,3775
601,Olfen_8,48.5,51.7066,7.3564,3795
602,Oschatz_5,150.0,51.296,13.0928,3811
603,Ostercappeln-Schwagstorf_6,52.0,52.3657,8.2013,3820
604,Osterfeld_1,246.0,51.0873,11.9293,3821
605,Ostheim v.d. Rhön_5,313.5,50.4538,10.2211,3836
606,Ottenstein_3,295.0,51.9473,9.3999,3844
607,Ottersberg-Otterstedt_2,17.0,53.1403,9.1517,3848
608,Ottobeuren_1,667.0,47.9303,10.31,3849
609,Ovelgönne_3,2.0,53.3819,8.4493,3853
610,Oy-Mittelberg-Petersthal_0,885.5,47.6362,10.3892,3857
611,Parsberg/Oberpfalz-Eglwang_3,549.0,49.151,11.6896,3875
612,Passow_2,11.5,53.142,14.1074,3881
613,Pegnitz (Kläranlage)_4,420.0,49.7408,11.5528,3886
614,Pelzerhaken_4,2.18,54.0893,10.8773,3897
615,Perl-Nennig_5,152.0,49.5354,6.3789,3904
616,Perleberg_3,40.0,53.0952,11.8603,3906
617,Petersberg-Marbach_6,305.0,50.6175,9.725,3911
618,Petershagen_6,43.0,52.3817,9.0176,3913
619,Pfarrkirchen_5,381.0,48.4252,12.9924,3919
620,Pforzheim-Ispringen_1,332.0,48.9329,8.6973,3925
621,Pfullendorf_8,629.5,47.9345,9.2869,3927
622,Pirmasens_4,385.0,49.1912,7.5879,3939
623,Plau am See_3,66.0,53.4584,12.2417,3945
624,Plech_1,442.5,49.649,11.4685,3948
625,Pleinfeld-Mandlesmühle_2,380.0,49.1248,10.9731,3950
626,Pocking_0,323.0,48.3952,13.3139,3960
627,Süderholz-Neuendorf_3,5.0,54.1034,13.1533,3965
628,Pohlitz_1,70.0,52.1836,14.5748,3967
629,"Polch, Kr. Mayen-Koblenz_1",235.0,50.3051,7.3108,3969
630,Polsingen-Döckingen_1,510.0,48.9343,10.7586,3972
631,Pommelsbrunn-Mittelburg_1,521.5,49.4777,11.5357,3975
632,Potsdam_2,81.0,52.3812,13.0622,3987
633,Pressath-Mühlberg_3,596.5,49.7844,12.0331,3999
634,Presseck_4,640.0,50.2277,11.5486,4000
635,Prosselsheim-Seligenstadt_2,284.0,49.8526,10.1006,4016
636,Prüm-Watzerath_10,386.0,50.1807,6.3509,4017
637,Pulsnitz_3,270.0,51.2006,14.0207,4023
638,Putbus_7,39.5,54.3643,13.4771,4024
639,Quedlinburg_4,142.0,51.7953,11.132,4032
640,Querfurt-Mühle Lodersleben_4,204.0,51.3895,11.5412,4036
641,Quickborn_1,10.99,53.7331,9.8776,4039
642,Kemberg-Radis_4,94.0,51.7557,12.5104,4052
643,Rahden-Kleinendorf_3,40.5,52.4461,8.5906,4063
644,Rain am Lech-Wallerdorf_2,462.0,48.6192,11.0059,4065
645,Rastede_2,16.0,53.2427,8.2237,4078
646,Rathebur_3,10.0,53.7409,13.7906,4080
647,Raunheim_4,89.0,50.0056,8.4291,4090
648,"Weingarten, Kr. Ravensburg_7",440.5,47.8062,9.6206,4094
649,Redefin_3,16.0,53.3469,11.1992,4101
650,Regensburg_8,365.36,49.0425,12.1019,4104
651,Rehau_3,586.0,50.2214,12.0275,4109
652,Rehburg-Loccum_1,60.0,52.4396,9.1335,4112
653,Reichshof-Eckenhagen_1,347.0,50.9906,7.6958,4127
654,Reinhardshagen-Vaake_5,115.0,51.4841,9.6121,4132
655,Otzberg-Habitzheim_4,171.5,49.8366,8.8806,4134
656,Reinholterode_2,336.0,51.4248,10.1898,4135
657,Reken_11,59.0,51.8118,7.0907,4150
658,Tagmersheim-Blossenau_4,522.0,48.8104,10.9359,4159
659,Renningen-Ihinger Hof_2,478.0,48.7425,8.924,4160
660,Rheinau-Memprechtshofen_3,130.5,48.6703,7.9939,4169
661,Rheinfelden_4,282.5,47.559,7.7721,4175
662,Rheinstetten_3,116.1,48.9726,8.3301,4177
663,Riedenburg_7,363.0,48.9557,11.7278,4185
664,"Altheim, Kreis Biberach_3",533.5,48.1479,9.4596,4189
665,"Rippoldsau, Bad_2",493.0,48.4245,8.3303,4211
666,Rodach (Kläranlage)_4,300.0,50.3311,10.7918,4218
667,Rodder_1,512.0,50.3965,6.8568,4219
668,Roding-Neubäu_1,388.0,49.2412,12.4125,4224
669,Rödermark-Ober-Roden_2,137.0,49.9832,8.8395,4230
670,Rohr/Mittelfranken-Dechendorf_1,402.0,49.3082,10.9183,4248
671,Oberstdorf-Rohrmoos_3,1067.0,47.4069,10.1676,4251
672,Rosenheim_9,442.0,47.8753,12.128,4261
673,Rostock-Warnemünde_6,4.0,54.1803,12.0808,4271
674,Rotenburg (Wümme)_6,32.0,53.1288,9.3398,4275
675,Roth_4,385.65,49.2162,11.1035,4280
676,Rothemühl_2,24.0,53.5954,13.8121,4282
677,Rothenburg ob der Tauber_7,415.0,49.3848,10.1732,4287
678,"Rothenfelde, Bad_3",95.0,52.1038,8.1808,4288
679,Rottenburg-Kiebingen_3,360.0,48.4704,8.9687,4294
680,Rottweil_5,589.0,48.1815,8.6356,4300
681,"Kreuznach, Bad_9",102.0,49.8502,7.871,4301
682,Rüdesheim-Presberg_5,403.0,50.0517,7.8876,4308
683,Rülzheim_6,105.0,49.1609,8.3009,4310
684,Rüthen_4,370.0,51.4966,8.4342,4313
685,Baiersbronn-Ruhestein_2,914.0,48.5615,8.2228,4315
686,Ruppertsecken_4,461.0,49.6468,7.8837,4323
687,Saarbrücken-Ensheim_4,320.0,49.2128,7.1077,4336
688,Sachsenheim_3,251.0,48.9569,9.0711,4349
689,"Säckingen, Bad/ Rhein_4",295.0,47.5582,7.9773,4351
690,Sagard_3,4.0,54.5159,13.5305,4352
691,Saldenburg-Entschenreuth_2,456.5,48.7832,13.3146,4354
692,Salzhemmendorf-Lauenstein_1,175.0,52.0781,9.552,4367
693,Salzkotten_6,92.5,51.7098,8.5796,4368
694,"Salzuflen, Bad_2",134.6,52.1042,8.7521,4371
695,Samerberg-Geisenkam_3,687.0,47.7774,12.2102,4374
696,Sandberg_3,517.5,50.3518,10.0034,4377
697,Sankt Englmar_2,804.5,49.0029,12.8237,4387
698,Sankt Peter-Ording_3,4.88,54.3279,8.6031,4393
699,"Sassendorf, Bad-Beusingsen_3",171.0,51.5439,8.1808,4400
700,Satrup_6,35.0,54.6854,9.6261,4405
701,Schaafheim-Schlierbach_2,155.0,49.9195,8.9671,4411
702,Schackensleben_3,95.0,52.198,11.4218,4412
703,Schäftlarn-Kloster Schäftlarn_2,554.5,47.9767,11.4693,4413
704,Scheyern_2,479.0,48.5025,11.4543,4441
705,Wernigerode-Schierke_6,609.0,51.7658,10.6533,4445
706,Schleswig_2,42.7,54.5275,9.5487,4466
707,Schleusingen_2,399.0,50.5071,10.762,4469
708,Schlüchtern-Herolz_11,230.0,50.3447,9.5533,4480
709,Schmallenberg-Sellinghausen_6,443.0,51.2127,8.2672,4488
710,Schmelz-Hüttersdorf_0,223.0,49.4149,6.836,4490
711,Schmidgaden_3,416.5,49.4116,12.076,4493
712,Schmidmühlen_5,454.5,49.2806,11.914,4494
713,Schmücke_3,937.0,50.6545,10.7696,4501
714,Schneifelforsthaus_3,649.0,50.2968,6.4194,4508
715,Schönsee-Dietersdorf_2,684.0,49.5273,12.5705,4546
716,Schönwald/Ofr.-Brunn_3,608.0,50.1847,12.0791,4548
717,Schollene_2,29.0,52.663,12.1812,4555
718,Schorndorf-Knöbling_0,398.0,49.1644,12.6175,4559
719,Schotten_2,265.0,50.4925,9.1226,4560
720,Schrobenhausen_2,416.5,48.5532,11.2844,4567
721,Schwabmünchen_1,538.0,48.2008,10.7293,4579
722,Schwandorf_5,356.0,49.3278,12.0871,4592
723,Schwanewede-Neuenkirchen_1,1.0,53.2338,8.5115,4594
724,Wendelstein-Kleinschwarzenlohe_3,331.0,49.3425,11.1077,4599
725,Schwarme_2,12.0,52.9081,9.0453,4600
726,Essel_2,27.5,52.6797,9.6524,4601
727,"Schwartau,Bad -Groß Parin_1",26.0,53.9385,10.6983,4602
728,Schwarzach/Main (Klärwerk)_3,188.0,49.7975,10.2191,4603
729,Schwarzburg_5,277.0,50.6441,11.1936,4605
730,Obere Firstalm/Schlierseer Berge_2,1367.5,47.6701,11.8544,4617
731,Schwarzholz_2,30.0,52.747,11.9792,4618
732,"Schwenningen, Kreis Sigmaringen_4",834.2,48.1042,8.9976,4623
733,Schwerin_8,59.0,53.6424,11.3871,4625
734,Staaken_2,31.0,52.5404,13.1243,4637
735,Seeg (Kläranlage)_1,802.0,47.6711,10.6271,4641
736,Seehausen_9,21.0,52.8911,11.7297,4642
737,Seesen_7,186.0,51.904,10.1885,4651
738,Köhn_0,40.0,54.3444,10.4581,4666
739,Fürstenau_2,46.0,52.516,7.6762,4683
740,Siegenburg (Kläranlage)_4,380.0,48.7629,11.843,4694
741,Sigmaringen-Laiz_7,580.5,48.0719,9.1943,4703
742,Sigmarszell-Zeisertsweiler_3,508.0,47.5776,9.7404,4704
743,Simbach/Inn_2,357.5,48.2718,13.0273,4706
744,Simmern-Wahlbach_2,445.0,49.9996,7.5981,4709
745,Simmersfeld_3,718.0,48.6191,8.5247,4710
746,Simonswald-Obersimonswald_2,427.5,48.0821,8.0919,4712
747,Solingen-Hohenscheid_6,152.0,51.14,7.093,4741
748,Soltau_5,75.37,52.9604,9.793,4745
749,Sonnen_5,847.0,48.6819,13.7351,4755
750,Sonthofen (Flussmeisterstelle)_5,730.0,47.5219,10.2613,4760
751,Sontra_5,265.0,51.0607,9.9266,4763
752,Springe_2,98.0,52.2054,9.5668,4790
753,Stadelhofen_3,460.0,50.007,11.2052,4801
754,Butjadingen-Inte_2,1.0,53.4926,8.3768,4803
755,"Staffelstein, Bad-Stublang_2",317.5,50.0806,11.0466,4813
756,Stallwang_3,390.0,49.0568,12.6395,4816
757,Stammbach-Querenbach_2,597.0,50.1531,11.7402,4818
758,Grassau_2,540.0,47.7941,12.486,4827
759,"Steinau, Kr. Cuxhaven_2",1.0,53.6946,8.8735,4841
760,Steinfurt-Burgsteinfurt_6,64.0,52.1173,7.3411,4849
761,Steingaden-Lauterbach_2,779.0,47.7112,10.8758,4850
762,Mittelnkirchen-Hohenfelde_2,1.0,53.5534,9.6097,4857
763,Steinkirchen-Hofstarring_3,485.0,48.3773,12.0927,4858
764,Oberharz am Brocken-Stiege_5,504.0,51.6646,10.8811,4878
765,Stockach_2,532.0,47.8591,9.0152,4881
766,Frankenfeld-Hedern_2,18.0,52.7659,9.4046,4883
767,Stötten_4,733.76,48.6656,9.8648,4887
768,Wagersrott_5,40.0,54.6654,9.805,4896
769,Straubing_5,350.5,48.8275,12.5597,4911
770,Strausberg_2,81.0,52.5884,13.9289,4912
771,Beverstedt_2,3.0,53.4252,8.804,4920
772,Stuttgart (Schnarrenberg)_4,314.28,48.8281,9.2,4928
773,Stuttgart-Echterdingen_5,371.0,48.6883,9.2235,4931
774,Schweitenkirchen-Sünzhausen_1,499.5,48.5151,11.6545,4946
775,Süpplingen_1,129.0,52.2317,10.92,4947
776,Sulzdorf an der Lederhecke_7,332.5,50.2417,10.567,4958
777,Tann/Rhön_9,395.0,50.639,10.0228,4978
778,Tannenberg_3,532.0,50.6074,12.939,4982
779,Hohenreinkendorf_2,48.0,53.2252,14.33,4984
780,Starkenberg-Tegkwitz_1,196.0,50.9771,12.3419,4997
781,Teisendorf_1,498.0,47.8526,12.8282,5000
782,Teisnach_5,450.0,49.0426,12.9942,5002
783,Teterow_4,33.0,53.7611,12.5574,5009
784,Teublitz (Kläranlage)_1,350.0,49.2187,12.0624,5013
785,Worpswede-Hüttenbusch_3,7.0,53.2758,8.9857,5014
786,Teuschnitz_7,633.0,50.4002,11.3888,5017
787,Thalmässing_3,417.0,49.0871,11.2236,5023
788,Tholey_2,385.9,49.4737,7.0385,5029
789,Thurnau-Tannfeld_1,513.0,49.9842,11.4008,5034
790,Treffelstein-Witzelsmühle_3,470.0,49.4038,12.6062,5036
791,Tirschenreuth-Lodermühl_5,500.5,49.8576,12.3542,5046
792,Tittmoning_4,382.0,48.0669,12.7634,5055
793,Haale_4,26.0,54.1695,9.5559,5057
794,Sprenge_2,55.0,53.6893,10.3657,5058
795,Todtmoos_3,780.5,47.7279,7.9988,5059
796,Tönisvorst_0,37.0,51.2897,6.4437,5064
797,Südeichsfeld-Wendehausen_3,290.0,51.1594,10.2473,5084
798,Trendelburg_3,133.0,51.5777,9.4337,5086
799,Tribsees_7,10.0,54.0661,12.7675,5097
800,Trier-Zewen_3,131.5,49.7326,6.6131,5099
801,Trier-Petrisberg_0,265.0,49.7479,6.6583,5100
802,Trippstadt-Neuhof_5,348.0,49.3544,7.7948,5103
803,Trollenhagen_3,69.0,53.5998,13.3039,5109
804,Trostberg_2,560.0,48.0311,12.5396,5111
805,Tüßling_1,413.0,48.208,12.6296,5123
806,Twist-Hebelermeer_6,19.0,52.7432,7.075,5132
807,Twistetal-Mühlhausen_4,295.0,51.3344,8.9132,5133
808,Ueckermünde_4,1.2,53.7445,14.0698,5142
809,Uelzen_7,50.0,52.9414,10.5289,5146
810,Uetze_4,60.0,52.4588,10.1888,5148
811,Gollhofen_4,306.0,49.5741,10.1915,5149
812,Ummendorf_1,162.0,52.1601,11.1759,5158
813,Untergriesbach-Glotzing_2,572.5,48.5599,13.7494,5161
814,Untergriesbach-Schaibing_3,495.0,48.5995,13.6465,5162
815,Kraftisried_2,830.5,47.7674,10.4604,5169
816,Utting-Achselschwang_2,591.0,48.0347,11.0527,5187
817,Verden-Dauelsen_2,21.0,52.9586,9.2269,5209
818,"Vilbel, Bad-Dortelweil_7",125.0,50.2135,8.7453,5225
819,Villingen-Schwenningen_6,719.0,48.0453,8.4608,5229
820,Vilsbiburg_5,461.5,48.4527,12.3382,5230
821,Vöhl-Buchenberg_1,380.0,51.1598,8.8738,5240
822,Waakirchen-Demmelberg_3,813.5,47.7564,11.6928,5262
823,Wabern-Hebel_8,203.0,51.067,9.3821,5263
824,Waghäusel-Kirrlach_1,104.5,49.2445,8.5374,5275
825,Waging am See_4,475.5,47.9237,12.7558,5276
826,Wesertal-Lippoldsberg_11,176.0,51.6194,9.5749,5279
827,Wittenborn_1,35.0,53.9224,10.2267,5280
828,Waidhaus-Pfrentsch_2,501.0,49.618,12.4895,5285
829,Waldbrunn-Lahr_3,280.0,50.5121,8.1326,5294
830,Waldeck-Alraft_2,300.0,51.2427,8.9718,5297
831,Waldems-Reinborn_7,380.0,50.2596,8.3607,5300
832,Waldershof-Schafbruck_3,723.0,49.936,12.0935,5303
833,Waltershausen_4,348.0,50.8963,10.5484,5335
834,Warburg_2,235.8,51.5039,9.1118,5347
835,Waren (Müritz)_7,72.61,53.5196,12.6654,5349
836,Warstein-Hirschberg_9,331.0,51.4319,8.2665,5360
837,Wasserkuppe_6,921.0,50.4973,9.9427,5371
838,Wassertrüdingen (Kläranlage)_5,420.0,49.034,10.6031,5374
839,Wedemark-Elze_2,39.0,52.5883,9.7386,5382
840,Harth-Pöllnitz Neundorf_2,340.0,50.7676,11.981,5395
841,Weiden_5,439.6,49.6662,12.1844,5397
842,"Weiding, Kreis Cham-Dalking_0",423.5,49.2717,12.7451,5401
843,Weihenstephan-Dürnast_6,477.1,48.4024,11.6946,5404
844,Weihenzell-Grüb_1,474.0,49.3376,10.606,5405
845,Weilmünster_7,183.0,50.4284,8.3806,5416
846,Weimar-Schöndorf_3,328.01,51.0177,11.3544,5424
847,Weinbiet_2,553.0,49.3758,8.1212,5426
848,Weiskirchen/Saar_3,380.0,49.5534,6.812,5433
849,Weissach_1,455.0,48.8457,8.9073,5435
850,Weißenburg-Emetzheim_7,439.3,49.0115,10.9308,5440
851,Weißenhorn-Oberreichenbach_2,500.0,48.3091,10.2048,5444
852,Weisweil-Waldeckhof_0,173.5,48.188,7.6976,5453
853,Fahrenzhausen_1,459.0,48.3631,11.5635,5470
854,Werl_2,84.8,51.5763,7.8879,5480
855,Ellrich-Werna_1,240.0,51.5835,10.709,5484
856,Wernigerode_5,233.32,51.8454,10.7686,5490
857,Wertingen_4,420.0,48.57,10.6985,5501
858,Westerheim_4,825.0,48.5206,9.6187,5511
859,Westerkappeln_6,92.0,52.2902,7.8687,5513
860,Fehmarn_3,3.21,54.5283,11.0606,5516
861,Westerstede_10,7.0,53.2504,7.935,5518
862,Wetter/Hessen-Amönau_2,227.0,50.9087,8.6929,5524
863,Wielenbach (Demollstr.)_2,551.0,47.8827,11.1576,5538
864,Wiesbaden-Auringen_2,263.0,50.1321,8.3169,5541
865,Wiesbaden-Biebrich_3,90.0,50.0421,8.2331,5542
866,Wiesenburg_0,187.0,52.1206,12.4586,5546
867,Wiesenfelden-Utzenzell_1,680.0,49.032,12.5505,5548
868,Thyrow_1,43.0,52.2534,13.2361,5555
869,"Wildbad, Bad-Calmbach_5",383.0,48.7848,8.5764,5559
870,Neubulach-Oberhaugstett_2,570.5,48.6516,8.6801,5562
871,Wilhelmsdorf/Mittelfranken_8,358.0,49.5664,10.7404,5573
872,"Windsheim, Bad_6",310.0,49.5141,10.4231,5600
873,Winterspelt_4,426.0,50.2282,6.2071,5616
874,Wipperfürth-Gardeweg_2,360.0,51.1637,7.4234,5619
875,Wittenberg_7,105.0,51.8892,12.6445,5629
876,Wittlich_8,147.0,49.9617,6.9287,5635
877,Wittstock-Rote Mühle_1,67.5,53.1864,12.4949,5643
878,Witzenhausen-Ziegenhagen_2,220.0,51.3645,9.7491,5646
879,Wolfach_2,296.0,48.2953,8.2391,5664
880,Wolfsburg (Südwest)_3,82.0,52.3962,10.6892,5676
881,Wollin_2,40.0,52.2813,12.458,5684
882,Dachsberg-Wolpadingen_3,880.0,47.7003,8.1057,5688
883,Worms_4,88.0,49.6051,8.3659,5692
884,Wünnenberg-Eilern_3,312.0,51.5427,8.7784,5699
885,Würzburg_4,268.0,49.7704,9.9576,5705
886,Wüstenrot-Oberheimbach_2,392.0,49.1296,9.4945,5711
887,Wuppertal-Buchenhofen_4,134.0,51.2256,7.1052,5717
888,Wurmannsquick-Egelsberg_2,473.5,48.3569,12.7679,5721
889,Rot an der Rot-Buch_1,690.0,47.9589,10.0139,5724
890,Wustrow_3,6.0,52.7606,14.2174,5729
891,Wutöschingen-Ofteringen_3,394.5,47.6783,8.3801,5731
892,Wrixum/Föhr_8,8.0,54.6928,8.5271,5732
893,Xanten_6,20.0,51.697,6.3974,5733
894,Zehdenick_4,51.0,52.9663,13.3268,5745
895,Zeitz_3,264.0,51.0314,12.1495,5750
896,Zemmer (Forsthaus Mülchen)_0,293.0,49.8709,6.7074,5758
897,Zernien_2,83.0,53.0704,10.8831,5762
898,Freyburg/Unstrut-Zeuchfeld_3,140.71,51.238,11.8295,5763
899,Heeslingen-Wiersdorf_5,27.0,53.2989,9.3352,5767
900,Zinnwald-Georgenfeld_3,876.62,50.7314,13.7516,5779
901,Zugspitze_1,2964.5,47.421,10.9848,5792
902,Zusmarshausen_5,443.0,48.424,10.5924,5793
903,Lichtentanne_3,348.5,50.6879,12.4329,5797
904,Zwiesel_2,614.7,49.028,13.2385,5800
905,Mansfeld-Annarode_6,321.0,51.5504,11.403,5814
906,Bassum_4,40.0,52.863,8.6988,5822
907,Berge_3,40.0,52.6198,12.7867,5825
908,Emden_1,-0.27,53.3881,7.2287,5839
909,Enzklösterle_6,600.0,48.6671,8.47,5840
910,Friedland_3,24.0,53.6557,13.5369,5854
911,Fürstenzell_2,476.4,48.5451,13.3532,5856
912,Hahn_0,497.0,49.9463,7.2645,5871
913,Mannheim_17,98.0,49.5063,8.5584,5906
914,Schönhagen (Ostseebad)_1,0.79,54.641,10.0238,5930
915,Reit im Winkl_10,685.5,47.6754,12.4698,5941
916,Rosenthal-Bielatal_7,460.0,50.8377,14.0719,5943
917,Wendisch Evern_0,62.0,53.2139,10.4704,6093
918,Hahnheim_0,120.0,49.8626,8.2311,6100
919,Ostenfeld (Rendsburg)_1,14.0,54.3194,9.8051,6105
920,Grambow-Schwennenz_1,50.0,53.3837,14.3728,6109
921,Sohland/Spree_0,290.5,51.0593,14.4266,6129
922,Wangerland-Hooksiel_1,8.0,53.641,8.0808,6157
923,Weidenbach-Weiherschneidbach_0,454.0,49.2249,10.6085,6158
924,Dörpen_2,8.0,52.9542,7.3196,6159
925,Osterhofen-Thundorf_0,310.5,48.7577,13.0134,6161
926,Dörnick_0,27.03,54.1654,10.3519,6163
927,Coschen_2,39.1,52.0192,14.7254,6170
928,Berchtesgaden_1,599.0,47.6392,13.0068,6190
929,Kirchberg/Niederbayern -Zell_1,683.5,48.9023,13.1442,6191
930,Scheßlitz-Köttensdorf_0,304.5,49.956,11.0189,6195
931,Lügde-Paenbruch_1,258.0,51.8664,9.271,6197
932,Steinhagen-Negast_1,17.0,54.2484,13.0418,6199
933,Königsberg/Bayern-Holzhausen_1,261.5,50.0785,10.4887,6200
934,Simmershofen-Adelhofen_0,339.0,49.5334,10.1546,6201
935,Ramsau-Schwarzeck/Schmuck_0,1087.5,47.6279,12.9015,6203
936,Lam-Lambach_0,688.5,49.2154,13.0662,6215
937,Trausnitz-Reisach_0,463.5,49.5321,12.2798,6216
938,Saarbrücken-Burbach_0,190.0,49.2406,6.9351,6217
939,Jachenau-Tannern_1,723.0,47.6279,11.5166,6257
940,Friedrichshafen-Unterraderach_0,461.0,47.6845,9.4409,6258
941,Großerlach-Mannenweiler_0,523.5,49.021,9.6033,6259
942,Ingelfingen-Stachenhausen_0,385.0,49.3328,9.704,6260
943,Schwäbisch Gmünd-Weiler_0,412.0,48.7695,9.8737,6262
944,Singen_0,445.0,47.7738,8.8219,6263
945,Brilon-Thülen_0,457.0,51.414,8.65,6264
946,Wusterwitz_0,35.9,52.3613,12.3867,6265
947,Huy-Pabstorf_1,112.0,52.0304,10.9626,6266
948,Uhlstädt-Kirchhasel-Niederkrossen_1,172.6,50.7577,11.5178,6268
949,Klingenthal-Kamerun_0,730.5,50.3594,12.4836,6269
950,Römhild-Sülzdorf_0,330.0,50.4099,10.4901,6270
951,Crossen/Elster-Nickelsdorf_0,273.9,50.9771,12.0044,6271
952,Moorgrund Gräfen-Nitzendorf_0,283.0,50.8426,10.2518,6272
953,Demker_0,36.0,52.5075,11.8551,6273
954,Notzingen_0,325.0,48.6705,9.4627,6275
955,Willingen/Hochsauerland_0,584.0,51.2915,8.5981,6303
956,Mühlhausen/Thüringen-Görmar_0,193.0,51.2061,10.4978,6305
957,Karlshagen_2,1.0,54.1049,13.8239,6310
958,Breckerfeld-Wengeberg_0,440.0,51.2488,7.4672,6313
959,Nossen_1,306.0,51.0507,13.3003,6314
960,Lohr/Main-Halsbach_0,288.0,50.0132,9.654,6336
961,Lüdinghausen-Brochtrup_1,59.0,51.7663,7.5194,6337
962,"Steben, Bad_0",605.0,50.3618,11.6223,6338
963,Runkel-Ennerich_0,168.0,50.394,8.1423,6344
964,Maisach-Galgen_0,531.0,48.207,11.2035,6346
965,Schonungen-Mainberg_0,305.0,50.0579,10.2972,6347
966,Elsendorf-Horneck_0,428.5,48.702,11.8493,7075
967,Groß Lukow_1,54.0,53.5255,13.0161,7077
968,Dodow_1,33.0,53.5035,11.0014,7078
969,Berkholz-Meyenburg_0,14.0,53.0443,14.2423,7079
970,Liebenburg-Othfresen_0,187.0,52.0111,10.3966,7099
971,Königheim_0,220.5,49.6208,9.6032,7104
972,Siegsdorf-Höll_0,718.5,47.835,12.6548,7105
973,Bielefeld-Deppendorf_0,105.0,52.0714,8.4565,7106
974,Burladingen-Hausen_0,682.0,48.2962,9.0701,7138
975,Freudenberg/Main-Boxtal_0,193.5,49.7636,9.4063,7187
976,Oebisfelde-Weferlingen-Bösdorf_2,68.0,52.4153,11.0758,7285
977,Hattstedt_0,5.0,54.5268,9.0425,7298
978,Donauwörth-Osterweiler_1,435.0,48.7374,10.7393,7319
979,Olbersleben_0,160.0,51.1507,11.3321,7321
980,Malsburg-Marzell_0,698.5,47.766,7.7214,7322
981,Belgershain_1,150.0,51.2359,12.5517,7323
982,Schneefernerhaus_1,2650.0,47.4167,10.9794,7325
983,Grimma-Kleinbothen_2,134.0,51.1918,12.7645,7326
984,Frankenberg-Altenhain_1,322.5,50.8836,13.0425,7327
985,Ponitz_0,219.0,50.8544,12.4216,7328
986,Treuen_0,465.0,50.5467,12.2863,7329
987,Arnsberg-Neheim_1,159.0,51.4633,7.978,7330
988,Hermaringen-Allewind_0,466.5,48.6099,10.2674,7331
989,Marienberg-Rübenau_1,727.0,50.5803,13.2966,7333
990,Hirschstein-Heyda_1,130.5,51.2651,13.3588,7334
991,Strauch_1,138.0,51.3658,13.5801,7335
992,Dürrhennersdorf_1,331.5,51.0577,14.6128,7337
993,Offenbach-Wetterpark_0,118.5,50.0899,8.7862,7341
994,Deutschneudorf-Brüderwiese_1,689.0,50.62,13.4817,7343
995,Nettetal-Hülst_0,45.0,51.2992,6.2013,7344
996,Prackenbach-Neuhäusl_0,585.0,49.1088,12.8231,7350
997,Feldberg/Mecklenburg_1,115.45,53.3176,13.4175,7351
998,Scharnhorst-Marwede_0,72.0,52.7363,10.344,7361
999,Jeßnitz_2,73.52,51.6818,12.3053,7364
1000,Alfeld_5,143.69,51.9643,9.8072,7367
1001,Eisenach_1,312.4,51.0007,10.3621,7368
1002,Feuchtwangen-Heilbronn_0,475.1,49.1623,10.3661,7369
1003,Waldmünchen_0,498.85,49.391,12.6838,7370
1004,Ballerstedt_1,37.0,52.7321,11.7123,7372
1005,Borkum-Flugplatz_0,3.0,53.5984,6.7024,7373
1006,Ahaus_1,45.5,52.0813,6.9409,7374
1007,Homberg-Schönbornerhof_1,411.0,49.645,7.5003,7375
1008,Bedburg-Weiler Hohenholz_0,101.0,51.0149,6.5173,7378
1009,Wangen/Allgäu-Schwaderberg_0,666.0,47.7096,9.866,7382
1010,Heckelberg_0,82.0,52.7461,13.8427,7389
1011,Hoyerswerda_0,115.9,51.4493,14.2533,7393
1012,Wunsiedel-Schönbrunn_1,622.27,50.0315,11.9745,7394
1013,Gottfrieding_0,350.47,48.6595,12.5388,7395
1014,Hoherodskopf/Vogelsberg_0,739.84,50.5084,9.2246,7396
1015,Leutkirch-Herlazhofen_1,671.73,47.7955,10.0325,7403
1016,Neu-Ulrichstein_0,350.01,50.7513,9.0224,7410
1017,Neuhütten/Spessart_1,339.5,50.0083,9.4238,7412
1018,Sankt Egidien-Kuhschnappel_1,321.0,50.802,12.6366,7418
1019,Langenwetzendorf-Göttendorf_0,388.5,50.661,12.0756,7419
1020,Naumburg/Saale-Kreipitzsch_2,246.0,51.1044,11.7112,7420
1021,Föritztal-Neuhaus-Schierschnitz_1,383.0,50.325,11.2395,7421
1022,Hähnichen-Trebus_1,163.0,51.3443,14.8387,7423
1023,Piding_0,456.5,47.7724,12.9073,7424
1024,Rinteln-Volksen_0,212.0,52.1384,9.1119,7425
1025,Padenstedt (Pony-Park)_0,16.5,54.0188,9.9255,7427
1026,Veilsdorf_0,397.0,50.4167,10.8156,7428
1027,Seckach_0,336.0,49.4249,9.3316,7429
1028,Rentweinsdorf-Treinfeld_0,258.0,50.0615,10.8129,7430
1029,Oberhaching-Laufzorn_0,603.5,48.013,11.5524,7431
1030,Wittingen-Vorhop_0,71.5,52.6423,10.6627,7432
1031,Wallmenroth_0,172.0,50.7893,7.828,7499
1032,Badewitz bei Zerbst_1,82.0,52.0223,12.1597,7500
1033,Wilsdruff-Mohorn_0,285.0,51.0063,13.471,13654
1034,Ostbevern-Schirlheide_0,55.0,52.0087,7.8519,13669
1035,Duisburg-Baerl_0,24.0,51.5088,6.7018,13670
1036,Overath-Böke_0,221.0,50.9655,7.2753,13671
1037,Waibstadt_1,236.63,49.2943,8.9053,13674
1038,Hameln-Hastenbeck_0,77.0,52.0818,9.4077,13675
1039,Weddelbrook_0,18.0,53.9005,9.8308,13687
1040,Pegau_1,128.0,51.1693,12.2618,13688
1041,Waltrop-Abdinghof_0,60.0,51.5966,7.4048,13696
1042,Lauchheim (Berghof)_0,504.0,48.8767,10.2413,13698
1043,Lehrte-Sievershausen_0,66.0,52.3667,10.1266,13699
1044,Gevelsberg-Oberbröking_0,203.0,51.3329,7.3412,13700
1045,Landshut-Reithof_0,490.0,48.5734,12.2576,13710
1046,Krölpa-Rockendorf_0,289.0,50.682,11.515,13711
1047,Münchehofe_0,44.1,52.1488,13.8359,13712
1048,Meinerzhagen-Redlendorf_0,386.0,51.0899,7.6289,13713
1049,Biberach an der Riß-Bergerhausen_0,604.0,48.1003,9.8058,13715
1050,Blumberg-Randen_0,818.0,47.819,8.5774,13716
1051,Crimmitschau-Mannichswalde_1,328.0,50.8138,12.2985,13774
1052,Helmstedt-Emmerstedt_0,110.0,52.2467,10.9592,13777
1053,Balingen-Bronnhaupten_0,619.0,48.2639,8.8134,13965
1054,Falkenberg (Grenzschichtmessfeld)_0,73.0,52.1655,14.1224,14138
1055,Birkenau_0,168.0,49.5686,8.7013,14157
1056,Aachen-Orsbach_0,230.99,50.7983,6.0244,15000
1057,Schmarsow_1,19.0,53.8753,13.2101,15003
1058,Schauenburg-Elgershausen_0,317.0,51.2835,9.359,15207
1059,Ulm-Mähringen_0,592.6,48.4418,9.9216,15444
1060,Dietenheim_0,514.5,48.2095,10.0654,15478
1061,Eschenburg-Eibelshausen_0,298.0,50.8053,8.3382,15490
1062,Rehlingen-Ehlbeck_1,65.5,53.0859,10.1611,15512
1063,Heidelberg-Kurpfalzhof_0,105.5,49.3767,8.6177,15514
1064,Kaufbeuren-Oberbeuren_0,815.0,47.8761,10.5849,15555
1065,Aulendorf-Blönried_0,566.5,47.9261,9.5926,15810
1066,Gotha_0,278.0,50.9657,10.6988,19140
1067,Hasenkrug-Hardebek_0,13.0,54.0038,9.8553,19171
1068,Wacken_0,48.0,54.0246,9.388,19172
