;ref;sim
2001-01-01;5.7;9.2
2001-01-02;9.1;7.5
2001-01-03;16.7;13.0
2001-01-04;15.8;12.1
2001-01-05;22.5;19.8
2001-01-06;64.4;62.4
2001-01-07;38.4;31.5
2001-01-08;24.5;23.7
2001-01-09;17.9;18.4
2001-01-10;14.0;14.7
2001-01-11;14.6;19.2
2001-01-12;12.5;14.6
2001-01-13;10.3;11.1
2001-01-14;8.6;8.4
2001-01-15;7.5;6.5
2001-01-16;6.2;5.0
2001-01-17;5.3;3.9
2001-01-18;6.1;3.2
2001-01-19;5.3;3.3
2001-01-20;4.7;3.0
2001-01-21;4.4;2.4
2001-01-22;4.9;3.0
2001-01-23;8.9;15.0
2001-01-24;18.7;22.1
2001-01-25;21.4;20.5
2001-01-26;20.1;20.9
2001-01-27;23.1;23.8
2001-01-28;23.1;21.4
2001-01-29;17.9;16.3
2001-01-30;14.0;12.9
2001-01-31;11.3;9.9
2001-02-01;9.3;7.6
2001-02-02;8.2;6.0
2001-02-03;8.2;6.3
2001-02-04;16.9;25.5
2001-02-05;42.4;41.7
2001-02-06;41.7;32.3
2001-02-07;32.8;29.5
2001-02-08;26.0;23.9
2001-02-09;19.2;18.4
2001-02-10;14.0;14.5
2001-02-11;11.3;11.9
2001-02-12;9.7;9.9
2001-02-13;9.8;13.3
2001-02-14;8.4;10.3
2001-02-15;7.4;8.1
2001-02-16;6.8;7.1
2001-02-17;7.5;13.6
2001-02-18;7.9;11.4
2001-02-19;7.5;9.0
2001-02-20;7.5;8.0
2001-02-21;7.1;7.0
2001-02-22;7.4;9.2
2001-02-23;8.5;14.6
2001-02-24;9.4;11.3
2001-02-25;8.3;8.8
2001-02-26;8.0;7.0
2001-02-27;7.5;5.7
2001-02-28;7.2;6.0
2001-03-01;6.8;7.4
2001-03-02;6.4;8.6
2001-03-03;6.2;7.2
2001-03-04;6.1;6.8
2001-03-05;7.0;17.2
2001-03-06;7.2;13.8
2001-03-07;10.1;12.6
2001-03-08;16.4;13.3
2001-03-09;16.7;12.0
2001-03-10;15.1;13.1
2001-03-11;17.7;20.1
2001-03-12;22.7;22.0
2001-03-13;23.2;20.4
2001-03-14;25.1;23.7
2001-03-15;21.1;21.2
2001-03-16;18.3;18.6
2001-03-17;15.6;14.7
2001-03-18;14.1;14.2
2001-03-19;13.5;15.8
2001-03-20;11.6;13.9
2001-03-21;13.3;11.9
2001-03-22;24.9;23.1
2001-03-23;35.6;25.0
2001-03-24;42.7;34.0
2001-03-25;38.0;35.5
2001-03-26;30.5;28.4
2001-03-27;23.5;22.2
2001-03-28;18.6;19.2
2001-03-29;25.1;27.3
2001-03-30;24.2;23.9
2001-03-31;18.7;18.5
2001-04-01;15.1;14.4
2001-04-02;12.6;11.4
2001-04-03;10.8;9.7
2001-04-04;9.7;8.9
2001-04-05;9.5;12.3
2001-04-06;8.5;12.3
2001-04-07;10.7;15.9
2001-04-08;10.3;15.3
2001-04-09;8.9;13.7
2001-04-10;9.0;13.2
2001-04-11;9.6;14.2
2001-04-12;8.4;11.6
2001-04-13;7.5;9.5
2001-04-14;6.8;9.1
2001-04-15;16.3;21.6
2001-04-16;28.9;25.2
2001-04-17;24.9;24.9
2001-04-18;20.8;20.4
2001-04-19;17.1;17.7
2001-04-20;13.9;14.9
2001-04-21;11.6;13.0
2001-04-22;10.2;12.0
2001-04-23;9.0;9.5
2001-04-24;7.8;8.4
2001-04-25;14.1;16.1
2001-04-26;21.7;23.3
2001-04-27;21.6;22.5
2001-04-28;28.9;30.2
2001-04-29;33.4;30.1
2001-04-30;29.3;26.4
2001-05-01;21.9;20.5
2001-05-02;16.8;16.0
2001-05-03;13.8;12.7
2001-05-04;11.4;10.1
2001-05-05;9.4;8.2
2001-05-06;7.9;6.9
2001-05-07;6.9;6.1
2001-05-08;6.0;5.2
2001-05-09;5.4;4.5
2001-05-10;5.0;4.1
2001-05-11;4.5;3.7
2001-05-12;4.1;3.4
2001-05-13;3.8;3.1
2001-05-14;3.9;3.0
2001-05-15;4.0;3.8
2001-05-16;3.9;3.6
2001-05-17;4.3;4.9
2001-05-18;3.6;4.8
2001-05-19;3.2;4.4
2001-05-20;2.9;3.9
2001-05-21;2.7;3.5
2001-05-22;2.5;3.1
2001-05-23;2.5;2.9
2001-05-24;2.3;2.7
2001-05-25;2.2;2.6
2001-05-26;2.1;2.5
2001-05-27;2.0;2.4
2001-05-28;2.0;2.3
2001-05-29;1.9;2.2
2001-05-30;1.8;2.2
2001-05-31;1.9;2.1
2001-06-01;1.9;2.1
2001-06-02;2.0;2.1
2001-06-03;2.4;2.1
2001-06-04;2.3;2.2
2001-06-05;2.0;2.1
2001-06-06;1.9;2.0
2001-06-07;1.8;2.0
2001-06-08;2.5;2.1
2001-06-09;2.4;2.2
2001-06-10;2.0;2.1
2001-06-11;2.4;2.3
2001-06-12;2.2;2.4
2001-06-13;1.9;2.2
2001-06-14;2.5;2.5
2001-06-15;2.0;2.3
2001-06-16;2.0;2.3
2001-06-17;2.0;2.4
2001-06-18;2.5;2.8
2001-06-19;2.5;3.2
2001-06-20;1.9;2.8
2001-06-21;1.7;2.5
2001-06-22;1.6;2.2
2001-06-23;1.5;2.1
2001-06-24;1.5;1.9
2001-06-25;1.4;1.8
2001-06-26;1.4;1.7
2001-06-27;1.3;1.7
2001-06-28;1.5;1.7
2001-06-29;1.4;1.6
2001-06-30;1.6;1.6
2001-07-01;2.3;1.6
2001-07-02;1.6;1.5
2001-07-03;1.4;1.5
2001-07-04;1.3;1.5
2001-07-05;1.2;1.4
2001-07-06;1.2;1.4
2001-07-07;1.8;1.4
2001-07-08;1.6;1.5
2001-07-09;1.4;1.4
2001-07-10;1.3;1.4
2001-07-11;1.3;1.4
2001-07-12;1.3;1.4
2001-07-13;1.3;1.4
2001-07-14;2.1;1.5
2001-07-15;2.3;1.8
2001-07-16;1.7;1.6
2001-07-17;1.9;1.8
2001-07-18;1.7;1.9
2001-07-19;1.8;1.9
2001-07-20;1.9;1.9
2001-07-21;1.8;1.9
2001-07-22;1.5;1.7
2001-07-23;3.1;1.6
2001-07-24;4.7;1.9
2001-07-25;2.3;1.7
2001-07-26;1.7;1.5
2001-07-27;1.4;1.5
2001-07-28;1.2;1.4
2001-07-29;1.2;1.4
2001-07-30;1.1;1.3
2001-07-31;1.0;1.2
2001-08-01;1.0;1.2
2001-08-02;1.0;1.1
2001-08-03;1.0;1.1
2001-08-04;1.3;1.1
2001-08-05;1.1;1.1
2001-08-06;1.0;1.1
2001-08-07;1.2;1.1
2001-08-08;2.6;1.6
2001-08-09;2.7;2.7
2001-08-10;1.8;2.7
2001-08-11;1.4;2.4
2001-08-12;1.2;2.0
2001-08-13;1.1;1.7
2001-08-14;1.0;1.5
2001-08-15;0.9;1.3
2001-08-16;0.9;1.2
2001-08-17;0.9;1.1
2001-08-18;0.9;1.1
2001-08-19;0.9;1.0
2001-08-20;0.9;1.0
2001-08-21;0.9;0.9
2001-08-22;0.8;0.9
2001-08-23;0.8;0.9
2001-08-24;0.8;0.9
2001-08-25;0.8;0.8
2001-08-26;0.7;0.8
2001-08-27;0.7;0.8
2001-08-28;0.7;0.8
2001-08-29;0.7;0.8
2001-08-30;0.7;0.8
2001-08-31;0.7;0.8
2001-09-01;0.9;0.8
2001-09-02;0.8;0.7
2001-09-03;0.8;0.7
2001-09-04;1.0;0.7
2001-09-05;1.2;0.8
2001-09-06;1.4;0.8
2001-09-07;1.8;1.0
2001-09-08;1.4;1.3
2001-09-09;1.3;1.5
2001-09-10;1.3;1.5
2001-09-11;1.2;1.7
2001-09-12;1.2;1.6
2001-09-13;1.2;1.6
2001-09-14;1.6;1.9
2001-09-15;1.4;1.8
2001-09-16;2.0;2.5
2001-09-17;3.2;3.9
2001-09-18;2.3;3.1
2001-09-19;1.8;2.8
2001-09-20;4.9;4.9
2001-09-21;3.4;5.1
2001-09-22;2.5;5.0
2001-09-23;2.0;3.9
2001-09-24;1.7;3.1
2001-09-25;1.4;2.6
2001-09-26;1.6;3.2
2001-09-27;1.5;3.4
2001-09-28;1.4;2.7
2001-09-29;1.2;2.3
2001-09-30;1.3;2.4
2001-10-01;1.2;2.1
2001-10-02;1.2;2.6
2001-10-03;6.0;6.6
2001-10-04;5.9;6.7
2001-10-05;3.7;5.2
2001-10-06;2.8;4.4
2001-10-07;3.2;7.2
2001-10-08;2.8;5.7
2001-10-09;2.2;4.5
2001-10-10;1.9;3.6
2001-10-11;1.6;2.8
2001-10-12;1.4;2.3
2001-10-13;1.3;1.9
2001-10-14;1.3;1.6
2001-10-15;1.2;1.5
2001-10-16;1.2;1.3
2001-10-17;1.1;1.2
2001-10-18;1.1;1.1
2001-10-19;1.1;1.2
2001-10-20;1.1;1.0
2001-10-21;1.0;1.0
2001-10-22;1.0;0.9
2001-10-23;1.0;0.9
2001-10-24;1.4;1.7
2001-10-25;1.5;2.5
2001-10-26;1.5;2.3
2001-10-27;1.3;1.9
2001-10-28;1.2;1.9
2001-10-29;1.2;2.1
2001-10-30;1.2;1.7
2001-10-31;1.1;1.5
2001-11-01;1.2;2.0
2001-11-02;1.1;1.6
2001-11-03;1.1;1.3
2001-11-04;1.0;1.1
2001-11-05;1.0;1.0
2001-11-06;1.0;1.0
2001-11-07;1.1;1.7
2001-11-08;7.5;5.8
2001-11-09;11.7;14.3
2001-11-10;6.4;11.4
2001-11-11;4.5;8.7
2001-11-12;3.7;7.3
2001-11-13;3.7;9.0
2001-11-14;3.5;7.8
2001-11-15;3.0;6.4
2001-11-16;2.7;5.0
2001-11-17;2.5;4.3
2001-11-18;2.3;3.4
2001-11-19;2.1;2.7
2001-11-20;1.9;2.2
2001-11-21;1.7;1.9
2001-11-22;2.4;3.2
2001-11-23;8.0;11.4
2001-11-24;6.8;10.5
2001-11-25;8.0;14.5
2001-11-26;11.0;17.8
2001-11-27;16.2;21.5
2001-11-28;15.2;20.1
2001-11-29;12.8;16.9
2001-11-30;18.3;25.2
2001-12-01;30.9;38.6
2001-12-02;24.5;26.9
2001-12-03;17.2;21.6
2001-12-04;13.4;18.5
2001-12-05;13.6;20.1
2001-12-06;11.5;17.2
2001-12-07;9.4;14.4
2001-12-08;7.6;11.0
2001-12-09;6.4;8.6
2001-12-10;5.4;6.7
2001-12-11;4.7;5.4
2001-12-12;4.3;4.5
2001-12-13;4.0;3.7
2001-12-14;3.1;3.1
2001-12-15;2.6;2.6
2001-12-16;3.0;2.3
2001-12-17;2.5;2.0
2001-12-18;2.4;1.8
2001-12-19;2.4;1.8
2001-12-20;2.5;3.9
2001-12-21;2.2;3.2
2001-12-22;2.6;2.7
2001-12-23;2.2;2.3
2001-12-24;1.5;2.0
2001-12-25;3.9;2.9
2001-12-26;7.8;16.2
2001-12-27;6.1;12.4
2001-12-28;8.5;11.7
2001-12-29;21.9;40.3
2001-12-30;15.2;25.7
2001-12-31;10.7;19.5
2002-01-01;7.8;14.9
2002-01-02;5.1;11.5
2002-01-03;5.7;8.9
2002-01-04;3.7;7.0
2002-01-05;3.5;5.6
2002-01-06;4.2;4.5
2002-01-07;5.3;3.8
2002-01-08;4.2;4.4
2002-01-09;3.1;3.6
2002-01-10;2.5;3.1
2002-01-11;3.2;2.6
2002-01-12;2.8;2.5
2002-01-13;2.7;4.7
2002-01-14;2.5;8.9
2002-01-15;2.5;7.0
2002-01-16;2.5;5.6
2002-01-17;2.5;5.4
2002-01-18;2.4;5.5
2002-01-19;2.6;7.1
2002-01-20;8.1;17.3
2002-01-21;54.3;18.9
2002-01-22;39.6;14.6
2002-01-23;25.4;12.2
2002-01-24;22.3;12.9
2002-01-25;20.1;15.0
2002-01-26;16.5;15.7
2002-01-27;42.6;34.3
2002-01-28;64.6;58.6
2002-01-29;35.9;36.5
2002-01-30;23.8;25.2
2002-01-31;17.7;19.4
2002-02-01;13.4;15.0
2002-02-02;10.6;11.7
2002-02-03;8.7;9.2
2002-02-04;7.4;7.4
2002-02-05;6.6;6.6
2002-02-06;6.6;8.2
2002-02-07;5.6;7.2
2002-02-08;5.7;10.8
2002-02-09;5.9;12.8
2002-02-10;17.8;25.2
2002-02-11;20.7;25.1
2002-02-12;22.3;28.8
2002-02-13;98.2;105.4
2002-02-14;80.1;76.5
2002-02-15;40.7;38.0
2002-02-16;25.8;25.9
2002-02-17;18.9;19.9
2002-02-18;15.0;15.7
2002-02-19;13.3;17.4
2002-02-20;41.1;45.3
2002-02-21;55.7;65.9
2002-02-22;36.6;34.1
2002-02-23;38.8;36.7
2002-02-24;30.7;35.8
2002-02-25;31.5;33.7
2002-02-26;51.2;41.4
2002-02-27;52.5;50.7
2002-02-28;37.5;30.2
2002-03-01;26.3;24.1
2002-03-02;19.5;19.2
2002-03-03;15.1;15.1
2002-03-04;12.3;12.0
2002-03-05;10.5;9.7
2002-03-06;9.3;8.1
2002-03-07;8.5;9.0
2002-03-08;7.1;7.5
2002-03-09;6.4;6.3
2002-03-10;5.9;5.8
2002-03-11;5.3;5.0
2002-03-12;4.9;4.7
2002-03-13;4.6;4.6
2002-03-14;5.1;8.1
2002-03-15;7.1;15.1
2002-03-16;7.1;12.0
2002-03-17;6.5;9.6
2002-03-18;6.1;8.6
2002-03-19;9.2;16.2
2002-03-20;12.0;21.0
2002-03-21;19.2;23.4
2002-03-22;19.0;19.2
2002-03-23;18.7;20.2
2002-03-24;15.2;15.8
2002-03-25;12.6;12.5
2002-03-26;10.4;10.0
2002-03-27;8.6;8.2
2002-03-28;7.3;6.8
2002-03-29;6.5;5.7
2002-03-30;5.8;4.9
2002-03-31;5.2;4.3
2002-04-01;4.8;4.0
2002-04-02;4.3;3.6
2002-04-03;4.0;3.3
2002-04-04;3.8;3.1
2002-04-05;3.6;2.9
2002-04-06;3.2;2.8
2002-04-07;2.9;2.7
2002-04-08;2.8;2.6
2002-04-09;2.7;2.6
2002-04-10;2.5;2.5
2002-04-11;2.5;2.4
2002-04-12;2.5;2.4
2002-04-13;2.5;2.4
2002-04-14;2.4;2.5
2002-04-15;2.2;2.6
2002-04-16;3.1;3.9
2002-04-17;5.4;6.5
2002-04-18;5.4;7.7
2002-04-19;5.9;9.1
2002-04-20;7.6;11.1
2002-04-21;6.4;8.8
2002-04-22;5.5;7.1
2002-04-23;5.0;5.9
2002-04-24;4.6;4.9
2002-04-25;4.2;4.2
2002-04-26;4.0;3.7
2002-04-27;4.0;4.1
2002-04-28;4.0;5.1
2002-04-29;4.8;7.6
2002-04-30;5.0;8.6
2002-05-01;4.2;7.2
2002-05-02;3.8;6.1
2002-05-03;3.6;5.2
2002-05-04;4.4;7.6
2002-05-05;55.4;29.6
2002-05-06;39.7;23.9
2002-05-07;23.7;19.4
2002-05-08;16.2;15.0
2002-05-09;12.0;11.8
2002-05-10;9.2;9.4
2002-05-11;9.5;8.6
2002-05-12;16.2;15.8
2002-05-13;14.2;17.4
2002-05-14;11.3;14.2
2002-05-15;9.6;15.1
2002-05-16;7.6;11.8
2002-05-17;6.5;9.4
2002-05-18;5.7;7.7
2002-05-19;5.2;8.0
2002-05-20;4.4;6.5
2002-05-21;3.9;5.4
2002-05-22;3.6;4.5
2002-05-23;3.5;4.1
2002-05-24;3.3;4.2
2002-05-25;3.0;3.9
2002-05-26;2.7;3.5
2002-05-27;2.5;3.2
2002-05-28;2.3;2.9
2002-05-29;2.1;2.6
2002-05-30;2.0;2.5
2002-05-31;1.8;2.3
2002-06-01;1.7;2.2
2002-06-02;1.6;2.1
2002-06-03;1.5;2.0
2002-06-04;1.7;2.0
2002-06-05;2.2;2.1
2002-06-06;2.5;2.4
2002-06-07;4.5;3.7
2002-06-08;3.0;3.2
2002-06-09;2.2;2.8
2002-06-10;1.9;2.7
2002-06-11;1.9;2.7
2002-06-12;1.7;2.6
2002-06-13;1.7;2.5
2002-06-14;1.6;2.4
2002-06-15;1.6;2.4
2002-06-16;1.5;2.2
2002-06-17;1.3;2.0
2002-06-18;1.2;1.9
2002-06-19;1.2;1.8
2002-06-20;2.2;2.0
2002-06-21;1.8;2.1
2002-06-22;1.4;1.9
2002-06-23;1.2;1.8
2002-06-24;1.1;1.7
2002-06-25;1.1;1.7
2002-06-26;1.0;1.6
2002-06-27;1.0;1.5
2002-06-28;1.0;1.5
2002-06-29;1.0;1.5
2002-06-30;1.0;1.4
2002-07-01;0.9;1.4
2002-07-02;1.0;1.4
2002-07-03;1.1;1.4
2002-07-04;1.4;1.4
2002-07-05;1.1;1.4
2002-07-06;1.0;1.4
2002-07-07;1.2;1.4
2002-07-08;1.0;1.4
2002-07-09;1.0;1.3
2002-07-10;2.6;1.4
2002-07-11;3.7;2.2
2002-07-12;1.9;2.0
2002-07-13;1.6;2.2
2002-07-14;3.1;3.9
2002-07-15;2.7;5.1
2002-07-16;2.6;4.5
2002-07-17;2.5;4.4
2002-07-18;2.0;3.7
2002-07-19;1.6;3.1
2002-07-20;1.4;2.6
2002-07-21;1.3;2.5
2002-07-22;1.2;2.2
2002-07-23;1.1;1.9
2002-07-24;1.1;1.7
2002-07-25;1.1;1.6
2002-07-26;1.1;1.5
2002-07-27;1.0;1.4
2002-07-28;0.9;1.3
2002-07-29;0.9;1.2
2002-07-30;0.9;1.2
2002-07-31;2.0;1.6
2002-08-01;11.9;6.6
2002-08-02;6.5;7.1
2002-08-03;4.0;6.4
2002-08-04;3.2;6.4
2002-08-05;2.3;5.8
2002-08-06;2.1;4.8
2002-08-07;2.2;5.3
2002-08-08;2.0;4.6
2002-08-09;2.4;5.0
2002-08-10;3.7;6.5
2002-08-11;2.6;5.2
2002-08-12;2.2;4.3
2002-08-13;1.8;3.5
2002-08-14;1.5;2.9
2002-08-15;1.3;2.4
2002-08-16;1.1;2.1
2002-08-17;1.1;1.8
2002-08-18;1.0;1.6
2002-08-19;1.2;1.5
2002-08-20;6.2;2.7
2002-08-21;9.3;9.4
2002-08-22;14.2;15.9
2002-08-23;9.2;12.8
2002-08-24;7.1;10.3
2002-08-25;6.1;11.3
2002-08-26;4.4;8.7
2002-08-27;3.6;6.8
2002-08-28;3.3;5.8
2002-08-29;6.4;6.4
2002-08-30;4.9;6.7
2002-08-31;3.5;5.3
2002-09-01;2.7;4.3
2002-09-02;2.1;3.5
2002-09-03;1.8;2.9
2002-09-04;1.7;2.7
2002-09-05;1.7;2.4
2002-09-06;1.5;2.1
2002-09-07;1.3;1.8
2002-09-08;1.3;1.6
2002-09-09;1.2;1.6
2002-09-10;1.3;1.5
2002-09-11;1.2;1.5
2002-09-12;1.1;1.3
2002-09-13;0.9;1.2
2002-09-14;0.9;1.2
2002-09-15;0.9;1.1
2002-09-16;0.9;1.1
2002-09-17;0.9;1.0
2002-09-18;0.9;1.0
2002-09-19;0.9;1.0
2002-09-20;1.0;0.9
2002-09-21;1.0;0.9
2002-09-22;1.0;0.9
2002-09-23;1.0;0.9
2002-09-24;1.0;1.0
2002-09-25;1.0;1.0
2002-09-26;1.0;1.1
2002-09-27;1.0;1.2
2002-09-28;1.0;1.2
2002-09-29;1.0;1.1
2002-09-30;1.1;1.0
2002-10-01;1.1;1.0
2002-10-02;1.1;0.9
2002-10-03;1.1;0.9
2002-10-04;1.1;0.9
2002-10-05;1.1;0.9
2002-10-06;2.6;1.3
2002-10-07;3.8;1.8
2002-10-08;2.5;1.5
2002-10-09;1.9;1.3
2002-10-10;2.2;1.2
2002-10-11;2.6;1.1
2002-10-12;1.8;1.0
2002-10-13;1.9;1.0
2002-10-14;1.6;0.9
2002-10-15;1.8;0.9
2002-10-16;2.5;1.1
2002-10-17;4.4;1.9
2002-10-18;4.9;2.8
2002-10-19;3.5;3.0
2002-10-20;3.3;2.5
2002-10-21;3.4;2.4
2002-10-22;4.4;3.1
2002-10-23;11.5;6.9
2002-10-24;11.9;7.8
2002-10-25;7.9;7.4
2002-10-26;16.1;15.5
2002-10-27;17.4;20.4
2002-10-28;20.9;19.2
2002-10-29;14.5;14.6
2002-10-30;11.2;12.6
2002-10-31;9.3;12.5
2002-11-01;5.4;10.5
2002-11-02;12.1;19.0
2002-11-03;25.6;27.5
2002-11-04;23.9;22.8
2002-11-05;16.8;19.4
2002-11-06;12.4;15.3
2002-11-07;13.2;17.2
2002-11-08;18.4;20.3
2002-11-09;31.1;28.9
2002-11-10;25.8;24.7
2002-11-11;42.2;49.4
2002-11-12;31.4;28.4
2002-11-13;21.6;22.0
2002-11-14;16.8;18.5
2002-11-15;12.8;14.8
2002-11-16;11.5;16.2
2002-11-17;24.5;25.5
2002-11-18;20.6;19.6
2002-11-19;16.1;15.0
2002-11-20;12.3;11.6
2002-11-21;9.7;9.2
2002-11-22;8.4;8.4
2002-11-23;7.1;6.8
2002-11-24;6.4;6.9
2002-11-25;6.3;6.4
2002-11-26;6.7;8.0
2002-11-27;5.6;6.4
2002-11-28;5.0;5.3
2002-11-29;5.0;5.5
2002-11-30;5.0;5.5
2002-12-01;4.4;4.9
2002-12-02;5.5;7.4
2002-12-03;5.4;6.4
2002-12-04;4.9;5.4
2002-12-05;4.7;4.7
2002-12-06;4.3;4.2
2002-12-07;4.0;3.6
2002-12-08;3.8;3.1
2002-12-09;3.2;2.7
2002-12-10;2.7;2.4
2002-12-11;2.4;2.2
2002-12-12;3.0;2.0
2002-12-13;3.5;1.9
2002-12-14;3.0;1.9
2002-12-15;2.8;1.9
2002-12-16;3.0;2.4
2002-12-17;3.2;2.4
2002-12-18;2.9;2.6
2002-12-19;2.5;2.3
2002-12-20;2.3;2.2
2002-12-21;2.6;3.2
2002-12-22;6.4;4.4
2002-12-23;15.1;10.8
2002-12-24;11.5;8.7
2002-12-25;9.5;7.3
2002-12-26;9.2;6.4
2002-12-27;10.4;8.7
2002-12-28;9.4;7.8
2002-12-29;9.2;9.6
2002-12-30;28.6;21.7
2002-12-31;34.6;29.4
2003-01-01;28.8;24.5
2003-01-02;71.1;58.0
2003-01-03;98.2;95.8
2003-01-04;50.3;60.4
2003-01-05;30.7;30.7
2003-01-06;21.1;23.4
2003-01-07;15.0;18.0
2003-01-08;10.3;13.9
2003-01-09;8.6;10.9
2003-01-10;7.1;8.6
2003-01-11;7.1;6.9
2003-01-12;5.3;5.6
2003-01-13;5.3;5.1
2003-01-14;6.1;9.0
2003-01-15;6.7;10.5
2003-01-16;6.9;8.8
2003-01-17;6.6;7.1
2003-01-18;6.4;5.7
2003-01-19;6.3;4.9
2003-01-20;6.8;5.4
2003-01-21;7.6;5.6
2003-01-22;7.9;6.2
2003-01-23;11.2;9.7
2003-01-24;15.5;13.2
2003-01-25;12.5;10.4
2003-01-26;10.8;9.8
2003-01-27;15.6;17.5
2003-01-28;18.4;17.8
2003-01-29;20.3;21.4
2003-01-30;21.3;22.8
2003-01-31;17.8;17.5
2003-02-01;13.8;13.6
2003-02-02;12.2;11.8
2003-02-03;16.7;24.6
2003-02-04;22.3;31.2
2003-02-05;18.0;24.1
2003-02-06;13.9;21.9
2003-02-07;11.2;16.9
2003-02-08;9.9;14.4
2003-02-09;10.7;16.0
2003-02-10;12.9;12.5
2003-02-11;12.0;9.9
2003-02-12;10.4;7.9
2003-02-13;8.8;6.5
2003-02-14;7.2;5.4
2003-02-15;6.1;4.6
2003-02-16;5.3;3.9
2003-02-17;4.7;3.5
2003-02-18;4.2;3.1
2003-02-19;4.0;2.8
2003-02-20;3.9;2.6
2003-02-21;3.8;2.5
2003-02-22;3.7;2.4
2003-02-23;3.5;2.3
2003-02-24;3.6;2.2
2003-02-25;4.0;2.1
2003-02-26;4.1;2.1
2003-02-27;4.3;2.1
2003-02-28;5.5;2.1
2003-03-01;7.7;3.5
2003-03-02;15.2;8.2
2003-03-03;17.3;10.2
2003-03-04;13.6;8.1
2003-03-05;11.3;6.8
2003-03-06;14.3;6.6
2003-03-07;23.7;17.5
2003-03-08;18.6;13.7
2003-03-09;14.6;10.7
2003-03-10;11.5;8.5
2003-03-11;9.6;7.1
2003-03-12;9.0;8.9
2003-03-13;7.4;7.2
2003-03-14;6.2;5.8
2003-03-15;5.5;4.8
2003-03-16;4.8;4.0
2003-03-17;4.5;3.5
2003-03-18;4.3;3.0
2003-03-19;4.0;2.7
2003-03-20;3.9;2.5
2003-03-21;3.6;2.3
2003-03-22;3.4;2.1
2003-03-23;3.2;2.0
2003-03-24;3.0;1.9
2003-03-25;2.9;1.9
2003-03-26;3.0;2.5
2003-03-27;3.7;8.6
2003-03-28;3.2;6.9
2003-03-29;3.0;5.7
2003-03-30;2.8;5.6
2003-03-31;2.6;4.8
2003-04-01;2.5;4.5
2003-04-02;4.5;11.1
2003-04-03;7.6;16.7
2003-04-04;6.1;13.6
2003-04-05;5.1;10.5
2003-04-06;4.5;8.3
2003-04-07;4.0;6.6
2003-04-08;3.6;5.3
2003-04-09;3.5;4.4
2003-04-10;3.4;3.7
2003-04-11;3.3;3.2
2003-04-12;3.0;3.0
2003-04-13;2.8;2.6
2003-04-14;2.6;2.4
2003-04-15;2.4;2.1
2003-04-16;2.2;2.0
2003-04-17;2.1;1.8
2003-04-18;2.0;1.8
2003-04-19;2.0;1.7
2003-04-20;2.0;1.6
2003-04-21;2.0;1.6
2003-04-22;2.3;1.7
2003-04-23;2.4;1.8
2003-04-24;2.0;1.7
2003-04-25;2.0;1.6
2003-04-26;2.1;1.7
2003-04-27;3.3;2.7
2003-04-28;3.0;3.4
2003-04-29;2.8;3.7
2003-04-30;5.3;3.7
2003-05-01;9.1;8.3
2003-05-02;6.5;7.3
2003-05-03;5.5;8.4
2003-05-04;4.3;6.6
2003-05-05;3.7;5.3
2003-05-06;3.3;4.4
2003-05-07;3.0;3.6
2003-05-08;2.7;3.1
2003-05-09;3.3;3.7
2003-05-10;2.9;4.0
2003-05-11;2.4;3.3
2003-05-12;2.2;2.8
2003-05-13;2.2;2.9
2003-05-14;2.2;2.9
2003-05-15;2.0;2.6
2003-05-16;2.0;2.7
2003-05-17;1.8;2.3
2003-05-18;1.9;2.2
2003-05-19;3.0;3.4
2003-05-20;4.8;6.3
2003-05-21;3.5;6.0
2003-05-22;3.6;7.5
2003-05-23;3.4;6.7
2003-05-24;2.9;5.6
2003-05-25;3.7;7.6
2003-05-26;3.1;5.9
2003-05-27;2.5;4.7
2003-05-28;2.1;3.8
2003-05-29;2.0;3.1
2003-05-30;2.1;2.7
2003-05-31;3.7;2.6
2003-06-01;2.5;2.2
2003-06-02;2.0;1.9
2003-06-03;1.8;1.8
2003-06-04;1.8;1.8
2003-06-05;1.6;1.6
2003-06-06;1.7;1.7
2003-06-07;1.4;1.5
2003-06-08;2.1;1.5
2003-06-09;3.7;2.1
2003-06-10;2.5;2.1
2003-06-11;5.2;5.6
2003-06-12;2.9;4.4
2003-06-13;2.1;3.6
2003-06-14;1.9;3.0
2003-06-15;2.1;3.7
2003-06-16;1.6;3.0
2003-06-17;1.5;2.5
2003-06-18;1.4;2.4
2003-06-19;1.3;2.0
2003-06-20;1.3;1.8
2003-06-21;1.2;1.6
2003-06-22;1.1;1.4
2003-06-23;1.1;1.4
2003-06-24;1.0;1.3
2003-06-25;1.0;1.2
2003-06-26;0.9;1.1
2003-06-27;0.9;1.1
2003-06-28;1.3;1.1
2003-06-29;1.1;1.0
2003-06-30;1.0;1.0
2003-07-01;1.2;1.1
2003-07-02;1.0;1.1
2003-07-03;1.0;1.1
2003-07-04;1.0;1.1
2003-07-05;1.0;1.1
2003-07-06;0.9;1.0
2003-07-07;0.8;1.0
2003-07-08;0.8;0.9
2003-07-09;0.7;0.9
2003-07-10;0.7;0.9
2003-07-11;0.7;0.8
2003-07-12;0.6;0.8
2003-07-13;0.6;0.8
2003-07-14;0.5;0.8
2003-07-15;0.5;0.8
2003-07-16;0.5;0.8
2003-07-17;0.5;0.8
2003-07-18;0.5;0.7
2003-07-19;0.5;0.7
2003-07-20;0.5;0.7
2003-07-21;0.5;0.7
2003-07-22;1.9;0.7
2003-07-23;1.3;0.7
2003-07-24;1.0;0.7
2003-07-25;1.2;0.8
2003-07-26;1.0;0.8
2003-07-27;1.0;0.8
2003-07-28;1.1;0.8
2003-07-29;0.9;0.8
2003-07-30;0.9;0.7
2003-07-31;1.0;0.7
2003-08-01;0.9;0.7
2003-08-02;0.8;0.7
2003-08-03;0.7;0.6
2003-08-04;0.7;0.6
2003-08-05;0.6;0.6
2003-08-06;0.6;0.6
2003-08-07;0.5;0.6
2003-08-08;0.5;0.6
2003-08-09;0.5;0.6
2003-08-10;0.5;0.6
2003-08-11;0.5;0.6
2003-08-12;0.5;0.6
2003-08-13;0.6;0.5
2003-08-14;0.6;0.5
2003-08-15;0.6;0.5
2003-08-16;0.6;0.5
2003-08-17;0.6;0.5
2003-08-18;0.8;0.5
2003-08-19;1.2;0.5
2003-08-20;0.9;0.5
2003-08-21;0.8;0.5
2003-08-22;0.7;0.5
2003-08-23;0.7;0.5
2003-08-24;0.7;0.5
2003-08-25;0.7;0.5
2003-08-26;0.7;0.5
2003-08-27;0.7;0.5
2003-08-28;0.7;0.5
2003-08-29;0.9;0.5
2003-08-30;1.5;0.5
2003-08-31;1.3;0.5
2003-09-01;1.0;0.5
2003-09-02;0.9;0.5
2003-09-03;0.8;0.5
2003-09-04;0.8;0.5
2003-09-05;0.7;0.4
2003-09-06;0.7;0.4
2003-09-07;0.8;0.4
2003-09-08;2.3;0.4
2003-09-09;1.9;0.4
2003-09-10;1.2;0.4
2003-09-11;1.2;0.5
2003-09-12;1.1;0.5
2003-09-13;1.0;0.4
2003-09-14;0.9;0.4
2003-09-15;0.8;0.4
2003-09-16;0.8;0.4
2003-09-17;0.8;0.4
2003-09-18;0.8;0.4
2003-09-19;0.8;0.4
2003-09-20;0.7;0.4
2003-09-21;0.8;0.4
2003-09-22;0.8;0.3
2003-09-23;1.0;0.3
2003-09-24;1.0;0.3
2003-09-25;0.9;0.3
2003-09-26;0.9;0.3
2003-09-27;0.9;0.3
2003-09-28;0.9;0.3
2003-09-29;0.9;0.3
2003-09-30;0.9;0.3
2003-10-01;0.9;0.3
2003-10-02;1.1;0.3
2003-10-03;1.4;0.3
2003-10-04;1.6;0.4
2003-10-05;1.3;0.4
2003-10-06;1.2;0.4
2003-10-07;2.0;0.4
2003-10-08;3.3;0.9
2003-10-09;2.9;1.8
2003-10-10;2.3;1.5
2003-10-11;1.8;1.4
2003-10-12;1.6;1.1
2003-10-13;1.3;0.9
2003-10-14;1.2;0.7
2003-10-15;1.1;0.6
2003-10-16;1.1;0.5
2003-10-17;1.1;0.5
2003-10-18;1.1;0.4
2003-10-19;1.0;0.4
2003-10-20;1.0;0.3
2003-10-21;1.0;0.3
2003-10-22;1.0;0.3
2003-10-23;1.0;0.3
2003-10-24;1.0;0.3
2003-10-25;1.0;0.3
2003-10-26;1.0;0.3
2003-10-27;1.0;0.3
2003-10-28;1.1;0.3
2003-10-29;1.0;0.2
2003-10-30;1.1;0.2
2003-10-31;1.1;0.2
2003-11-01;2.4;0.3
2003-11-02;1.8;0.3
2003-11-03;1.7;0.6
2003-11-04;2.6;1.1
2003-11-05;1.8;0.9
2003-11-06;1.5;0.7
2003-11-07;1.3;0.6
2003-11-08;1.2;0.5
2003-11-09;1.2;0.4
2003-11-10;1.2;0.4
2003-11-11;1.1;0.3
2003-11-12;1.1;0.3
2003-11-13;1.1;0.3
2003-11-14;1.1;0.3
2003-11-15;1.1;0.3
2003-11-16;1.1;0.3
2003-11-17;1.9;0.5
2003-11-18;2.1;0.9
2003-11-19;1.8;0.7
2003-11-20;1.6;0.6
2003-11-21;1.5;0.5
2003-11-22;1.4;0.4
2003-11-23;1.3;0.4
2003-11-24;1.3;0.4
2003-11-25;1.3;0.3
2003-11-26;1.2;0.3
2003-11-27;1.4;0.5
2003-11-28;2.2;1.0
2003-11-29;2.2;0.8
2003-11-30;1.8;0.7
2003-12-01;1.7;0.7
2003-12-02;1.6;0.6
2003-12-03;1.5;0.5
2003-12-04;1.4;0.4
2003-12-05;1.3;0.3
2003-12-06;1.3;0.3
2003-12-07;1.2;0.3
2003-12-08;1.0;0.3
2003-12-09;0.9;0.3
2003-12-10;0.9;0.2
2003-12-11;1.2;0.2
2003-12-12;1.2;0.2
2003-12-13;1.3;0.6
2003-12-14;4.1;2.2
2003-12-15;5.6;3.5
2003-12-16;4.3;3.9
2003-12-17;3.4;3.0
2003-12-18;2.9;2.3
2003-12-19;2.5;1.8
2003-12-20;2.2;1.7
2003-12-21;2.7;3.4
2003-12-22;4.5;5.8
2003-12-23;3.9;4.4
2003-12-24;3.2;3.4
2003-12-25;2.8;2.7
2003-12-26;3.0;3.6
2003-12-27;4.3;4.6
2003-12-28;7.0;6.8
2003-12-29;8.6;7.1
2003-12-30;6.3;5.3
2003-12-31;4.7;4.1
2004-01-01;3.6;3.1
2004-01-02;3.2;2.4
2004-01-03;1.9;1.9
2004-01-04;2.3;1.5
2004-01-05;2.6;1.3
2004-01-06;2.3;2.9
2004-01-07;2.7;4.5
2004-01-08;3.3;3.9
2004-01-09;5.3;7.5
2004-01-10;13.9;14.4
2004-01-11;15.3;12.1
2004-01-12;22.6;18.3
2004-01-13;36.3;33.6
2004-01-14;28.8;29.1
2004-01-15;23.1;33.8
2004-01-16;21.3;27.0
2004-01-17;20.6;23.7
2004-01-18;15.9;19.5
2004-01-19;13.2;17.2
2004-01-20;31.0;55.7
2004-01-21;32.4;29.6
2004-01-22;20.9;22.3
2004-01-23;14.4;17.0
2004-01-24;10.5;12.9
2004-01-25;8.5;10.1
2004-01-26;7.2;10.2
2004-01-27;6.2;7.9
2004-01-28;5.3;6.2
2004-01-29;4.8;4.9
2004-01-30;4.2;4.0
2004-01-31;3.9;4.2
2004-02-01;13.1;15.7
2004-02-02;20.6;20.9
2004-02-03;20.5;21.9
2004-02-04;15.7;16.6
2004-02-05;12.2;12.8
2004-02-06;9.8;10.5
2004-02-07;9.0;13.3
2004-02-08;9.8;19.9
2004-02-09;13.7;23.8
2004-02-10;12.2;19.6
2004-02-11;19.5;15.9
2004-02-12;33.3;23.9
2004-02-13;24.3;18.2
2004-02-14;18.2;14.0
2004-02-15;14.1;10.9
2004-02-16;11.0;8.6
2004-02-17;8.9;6.8
2004-02-18;7.5;5.5
2004-02-19;6.5;4.6
2004-02-20;5.6;3.8
2004-02-21;5.0;3.3
2004-02-22;4.7;2.8
2004-02-23;4.3;2.6
2004-02-24;3.6;2.3
2004-02-25;3.8;2.1
2004-02-26;3.6;2.0
2004-02-27;3.1;1.8
2004-02-28;3.2;1.7
2004-02-29;2.7;1.6
2004-03-01;2.5;1.6
2004-03-02;2.4;1.7
2004-03-03;2.3;3.3
2004-03-04;2.1;4.5
2004-03-05;2.2;5.4
2004-03-06;2.3;5.6
2004-03-07;2.5;6.7
2004-03-08;2.7;7.4
2004-03-09;2.7;8.8
2004-03-10;2.8;6.9
2004-03-11;2.9;5.5
2004-03-12;2.9;4.7
2004-03-13;3.8;6.8
2004-03-14;7.1;8.5
2004-03-15;6.8;6.7
2004-03-16;6.0;5.3
2004-03-17;5.3;4.3
2004-03-18;4.7;3.6
2004-03-19;4.3;3.4
2004-03-20;4.8;7.7
2004-03-21;8.1;14.3
2004-03-22;11.0;14.3
2004-03-23;10.2;14.1
2004-03-24;9.3;12.4
2004-03-25;8.1;9.7
2004-03-26;7.1;7.7
2004-03-27;6.2;6.1
2004-03-28;5.5;5.2
2004-03-29;4.8;4.8
2004-03-30;4.3;3.9
2004-03-31;4.0;3.3
2004-04-01;3.6;2.8
2004-04-02;3.3;2.6
2004-04-03;3.3;4.1
2004-04-04;3.0;4.0
2004-04-05;3.3;6.9
2004-04-06;4.2;10.0
2004-04-07;4.3;9.2
2004-04-08;4.6;10.1
2004-04-09;4.7;8.8
2004-04-10;4.4;7.1
2004-04-11;4.2;6.5
2004-04-12;3.7;5.2
2004-04-13;3.5;4.3
2004-04-14;3.3;3.9
2004-04-15;3.0;3.2
2004-04-16;2.9;2.7
2004-04-17;2.7;2.4
2004-04-18;2.7;2.1
2004-04-19;2.7;2.1
2004-04-20;2.5;2.5
2004-04-21;2.3;2.2
2004-04-22;2.1;2.5
2004-04-23;6.5;8.5
2004-04-24;7.6;8.5
2004-04-25;5.9;6.7
2004-04-26;5.0;5.3
2004-04-27;4.4;4.3
2004-04-28;4.1;4.3
2004-04-29;4.3;6.7
2004-04-30;3.9;5.5
2004-05-01;5.5;6.2
2004-05-02;4.4;6.2
2004-05-03;3.5;4.9
2004-05-04;3.2;4.1
2004-05-05;3.0;3.5
2004-05-06;2.7;3.1
2004-05-07;4.3;6.0
2004-05-08;23.3;22.6
2004-05-09;26.0;22.7
2004-05-10;18.2;18.4
2004-05-11;13.2;14.2
2004-05-12;11.4;11.3
2004-05-13;8.7;8.8
2004-05-14;7.1;7.4
2004-05-15;5.7;5.9
2004-05-16;4.8;4.7
2004-05-17;4.1;3.9
2004-05-18;3.7;3.2
2004-05-19;3.2;2.7
2004-05-20;2.9;2.4
2004-05-21;2.8;2.3
2004-05-22;2.6;2.3
2004-05-23;2.4;2.3
2004-05-24;2.0;2.1
2004-05-25;1.9;1.9
2004-05-26;1.8;1.7
2004-05-27;1.7;1.6
2004-05-28;1.5;1.5
2004-05-29;1.5;1.4
2004-05-30;1.4;1.4
2004-05-31;1.6;1.4
2004-06-01;2.2;1.7
2004-06-02;1.8;1.7
2004-06-03;2.4;2.3
2004-06-04;2.3;2.2
2004-06-05;2.6;3.0
2004-06-06;2.0;2.5
2004-06-07;1.7;2.2
2004-06-08;1.5;1.9
2004-06-09;1.4;1.7
2004-06-10;1.5;1.7
2004-06-11;1.8;2.2
2004-06-12;1.9;3.0
2004-06-13;2.1;4.1
2004-06-14;1.9;3.4
2004-06-15;1.5;2.8
2004-06-16;1.3;2.3
2004-06-17;1.2;2.0
2004-06-18;1.2;1.9
2004-06-19;1.3;1.8
2004-06-20;1.3;1.8
2004-06-21;1.3;1.8
2004-06-22;1.2;1.7
2004-06-23;1.3;1.7
2004-06-24;1.4;1.7
2004-06-25;1.2;1.7
2004-06-26;1.1;1.5
2004-06-27;1.1;1.5
2004-06-28;1.2;1.5
2004-06-29;1.1;1.4
2004-06-30;1.0;1.2
2004-07-01;1.0;1.2
2004-07-02;1.0;1.1
2004-07-03;1.1;1.1
2004-07-04;1.1;1.1
2004-07-05;1.1;1.1
2004-07-06;1.0;1.0
2004-07-07;1.0;1.0
2004-07-08;1.2;1.1
2004-07-09;1.4;1.2
2004-07-10;1.9;1.5
2004-07-11;1.5;1.6
2004-07-12;1.3;1.5
2004-07-13;1.2;1.4
2004-07-14;1.1;1.3
2004-07-15;1.1;1.2
2004-07-16;1.1;1.2
2004-07-17;1.1;1.1
2004-07-18;1.4;1.3
2004-07-19;2.0;2.0
2004-07-20;1.8;2.5
2004-07-21;1.7;2.5
2004-07-22;1.5;2.9
2004-07-23;2.0;4.1
2004-07-24;2.2;3.5
2004-07-25;1.4;2.8
2004-07-26;1.2;2.4
2004-07-27;1.2;2.2
2004-07-28;1.1;1.8
2004-07-29;0.9;1.5
2004-07-30;0.9;1.3
2004-07-31;0.8;1.2
2004-08-01;0.8;1.0
2004-08-02;0.8;0.9
2004-08-03;0.8;0.9
2004-08-04;0.8;0.8
2004-08-05;0.9;0.8
2004-08-06;0.8;0.8
2004-08-07;1.4;0.7
2004-08-08;2.6;0.8
2004-08-09;1.1;0.7
2004-08-10;1.0;0.7
2004-08-11;3.7;1.1
2004-08-12;2.4;1.0
2004-08-13;1.8;2.0
2004-08-14;3.7;6.3
2004-08-15;3.7;6.8
2004-08-16;2.2;5.3
2004-08-17;1.9;5.5
2004-08-18;4.0;7.8
2004-08-19;9.9;14.5
2004-08-20;5.0;11.2
2004-08-21;3.7;10.4
2004-08-22;3.3;10.6
2004-08-23;2.3;8.1
2004-08-24;2.0;6.4
2004-08-25;1.9;5.6
2004-08-26;2.7;6.4
2004-08-27;3.1;6.3
2004-08-28;4.3;7.3
2004-08-29;13.9;12.8
2004-08-30;7.5;12.3
2004-08-31;6.1;12.9
2004-09-01;4.5;10.0
2004-09-02;3.4;7.7
2004-09-03;2.6;6.0
2004-09-04;2.1;4.7
2004-09-05;1.8;3.7
2004-09-06;1.6;3.0
2004-09-07;1.4;2.4
2004-09-08;1.3;2.0
2004-09-09;1.2;1.7
2004-09-10;1.1;1.6
2004-09-11;1.4;2.1
2004-09-12;1.6;2.2
2004-09-13;1.2;1.9
2004-09-14;1.1;1.7
2004-09-15;1.1;1.4
2004-09-16;1.0;1.4
2004-09-17;0.9;1.2
2004-09-18;0.9;1.1
2004-09-19;0.9;1.1
2004-09-20;0.9;1.0
2004-09-21;0.8;1.0
2004-09-22;0.8;1.0
2004-09-23;3.4;2.0
2004-09-24;4.6;7.2
2004-09-25;3.5;8.5
2004-09-26;2.8;7.9
2004-09-27;2.5;6.3
2004-09-28;2.1;5.3
2004-09-29;1.8;4.4
2004-09-30;1.6;3.7
2004-10-01;1.5;3.0
2004-10-02;1.5;3.0
2004-10-03;1.3;2.4
2004-10-04;1.2;2.0
2004-10-05;1.2;1.8
2004-10-06;1.3;2.3
2004-10-07;1.3;1.9
2004-10-08;1.2;1.6
2004-10-09;1.1;1.4
2004-10-10;1.1;1.2
2004-10-11;1.0;1.1
2004-10-12;1.0;1.0
2004-10-13;1.0;0.9
2004-10-14;1.0;0.9
2004-10-15;1.0;1.0
2004-10-16;1.4;1.4
2004-10-17;1.4;1.5
2004-10-18;1.3;1.5
2004-10-19;1.2;1.4
2004-10-20;1.2;1.4
2004-10-21;3.2;3.0
2004-10-22;3.0;2.4
2004-10-23;2.2;2.0
2004-10-24;1.9;1.7
2004-10-25;2.0;2.7
2004-10-26;1.8;2.3
2004-10-27;1.6;1.9
2004-10-28;1.6;2.3
2004-10-29;2.0;1.9
2004-10-30;1.9;2.0
2004-10-31;1.8;2.0
2004-11-01;1.6;1.7
2004-11-02;1.5;1.4
2004-11-03;1.5;1.4
2004-11-04;1.5;1.8
2004-11-05;1.6;1.6
2004-11-06;1.5;1.4
2004-11-07;1.9;2.2
2004-11-08;2.0;1.9
2004-11-09;1.8;1.8
2004-11-10;2.0;3.9
2004-11-11;2.5;4.5
2004-11-12;3.2;3.6
2004-11-13;5.1;4.6
2004-11-14;5.5;5.0
2004-11-15;4.7;3.9
2004-11-16;4.1;3.1
2004-11-17;3.5;2.7
2004-11-18;4.0;4.2
2004-11-19;18.2;13.2
2004-11-20;16.8;12.3
2004-11-21;11.0;9.4
2004-11-22;9.1;7.6
2004-11-23;9.8;10.9
2004-11-24;9.8;11.6
2004-11-25;8.2;8.8
2004-11-26;6.8;6.9
2004-11-27;5.8;7.4
2004-11-28;5.0;6.0
2004-11-29;4.4;4.8
2004-11-30;3.9;3.9
2004-12-01;3.5;3.6
2004-12-02;3.3;3.3
2004-12-03;3.1;5.3
2004-12-04;3.2;4.2
2004-12-05;2.8;3.3
2004-12-06;2.7;2.7
2004-12-07;2.7;2.2
2004-12-08;2.5;1.8
2004-12-09;2.4;1.6
2004-12-10;2.2;1.4
2004-12-11;2.0;1.2
2004-12-12;2.0;1.1
2004-12-13;1.8;1.0
2004-12-14;1.5;0.9
2004-12-15;1.5;0.9
2004-12-16;1.9;1.0
2004-12-17;2.2;2.9
2004-12-18;5.3;8.2
2004-12-19;5.7;7.3
2004-12-20;5.0;5.6
2004-12-21;3.2;4.4
2004-12-22;3.5;3.5
2004-12-23;4.0;3.1
2004-12-24;7.0;7.1
2004-12-25;12.1;9.9
2004-12-26;11.9;7.9
2004-12-27;9.0;6.2
2004-12-28;7.2;4.8
2004-12-29;6.2;4.0
2004-12-30;5.0;6.7
2004-12-31;5.2;8.9
2005-01-01;7.6;8.2
2005-01-02;8.4;7.4
2005-01-03;7.7;5.8
2005-01-04;6.8;4.9
2005-01-05;6.1;4.8
2005-01-06;6.8;8.4
2005-01-07;6.9;7.3
2005-01-08;6.4;5.8
2005-01-09;5.9;5.6
2005-01-10;5.2;4.4
2005-01-11;4.7;4.0
2005-01-12;4.5;4.5
2005-01-13;4.4;4.5
2005-01-14;3.9;3.5
2005-01-15;3.4;2.9
2005-01-16;3.0;2.3
2005-01-17;3.2;2.2
2005-01-18;4.4;4.9
2005-01-19;7.7;11.5
2005-01-20;7.9;10.3
2005-01-21;21.9;20.4
2005-01-22;19.5;16.3
2005-01-23;14.4;14.9
2005-01-24;11.5;17.0
2005-01-25;9.0;13.0
2005-01-26;7.5;9.9
2005-01-27;6.4;7.7
2005-01-28;5.9;6.0
2005-01-29;5.1;4.7
2005-01-30;4.6;3.8
2005-01-31;4.9;4.4
2005-02-01;23.7;19.1
2005-02-02;22.8;17.0
2005-02-03;22.7;17.1
2005-02-04;20.3;14.1
2005-02-05;16.4;10.8
2005-02-06;12.9;8.4
2005-02-07;10.0;6.5
2005-02-08;8.1;5.2
2005-02-09;6.8;4.2
2005-02-10;6.0;4.0
2005-02-11;6.9;8.9
2005-02-12;9.1;10.8
2005-02-13;26.6;25.6
2005-02-14;23.3;28.2
2005-02-15;20.2;31.1
2005-02-16;16.2;23.6
2005-02-17;13.3;18.0
2005-02-18;11.3;13.8
2005-02-19;10.4;10.7
2005-02-20;9.6;8.3
2005-02-21;8.8;6.6
2005-02-22;8.1;5.3
2005-02-23;7.4;4.3
2005-02-24;6.5;3.6
2005-02-25;5.9;3.0
2005-02-26;5.9;2.6
2005-02-27;5.3;2.3
2005-02-28;4.1;2.1
2005-03-01;4.6;1.9
2005-03-02;5.4;1.8
2005-03-03;4.6;1.7
2005-03-04;4.0;1.6
2005-03-05;3.8;1.5
2005-03-06;3.6;1.5
2005-03-07;3.3;1.4
2005-03-08;3.7;2.1
2005-03-09;6.1;11.0
2005-03-10;11.5;17.2
2005-03-11;16.2;19.6
2005-03-12;20.8;33.1
2005-03-13;19.9;31.3
2005-03-14;18.2;23.9
2005-03-15;17.9;18.2
2005-03-16;29.9;14.0
2005-03-17;45.5;10.8
2005-03-18;33.4;8.5
2005-03-19;22.2;6.7
2005-03-20;16.2;5.5
2005-03-21;12.4;4.5
2005-03-22;9.9;3.9
2005-03-23;8.2;4.3
2005-03-24;6.9;3.9
2005-03-25;6.3;5.9
2005-03-26;5.6;5.3
2005-03-27;6.9;7.1
2005-03-28;6.3;6.6
2005-03-29;6.5;8.0
2005-03-30;7.3;10.6
2005-03-31;14.9;19.8
2005-04-01;12.9;15.2
2005-04-02;10.4;11.7
2005-04-03;8.4;9.1
2005-04-04;7.0;7.5
2005-04-05;6.4;9.3
2005-04-06;5.6;8.9
2005-04-07;7.9;16.8
2005-04-08;8.4;15.6
2005-04-09;8.1;16.3
2005-04-10;7.8;13.8
2005-04-11;7.2;11.1
2005-04-12;6.6;8.7
2005-04-13;6.5;6.9
2005-04-14;5.8;5.6
2005-04-15;5.3;4.7
2005-04-16;5.2;5.0
2005-04-17;5.3;6.3
2005-04-18;4.8;5.4
2005-04-19;17.9;8.9
2005-04-20;38.9;22.3
2005-04-21;30.4;22.6
2005-04-22;21.7;17.3
2005-04-23;15.8;13.4
2005-04-24;12.3;11.9
2005-04-25;13.6;14.3
2005-04-26;19.7;19.9
2005-04-27;16.4;17.7
2005-04-28;12.9;14.3
2005-04-29;11.4;14.5
2005-04-30;9.7;11.8
2005-05-01;8.3;9.3
2005-05-02;7.1;7.6
2005-05-03;7.2;8.1
2005-05-04;8.1;9.9
2005-05-05;9.6;13.8
2005-05-06;9.7;13.3
2005-05-07;10.7;13.6
2005-05-08;14.5;17.7
2005-05-09;13.1;15.9
2005-05-10;10.6;13.3
2005-05-11;8.9;11.5
2005-05-12;7.3;9.1
2005-05-13;6.2;7.4
2005-05-14;8.0;8.7
2005-05-15;23.4;16.4
2005-05-16;19.6;12.8
2005-05-17;14.9;10.1
2005-05-18;11.0;8.1
2005-05-19;8.5;6.6
2005-05-20;7.4;5.7
2005-05-21;7.4;8.5
2005-05-22;5.9;6.8
2005-05-23;4.8;5.6
2005-05-24;3.9;5.1
2005-05-25;3.4;4.3
2005-05-26;3.3;3.7
2005-05-27;3.4;3.2
2005-05-28;3.2;2.8
2005-05-29;2.9;2.7
2005-05-30;4.2;4.4
2005-05-31;3.5;3.9
2005-06-01;2.7;3.4
2005-06-02;2.4;3.0
2005-06-03;2.1;2.7
2005-06-04;2.0;3.0
2005-06-05;2.0;2.8
2005-06-06;2.5;2.6
2005-06-07;2.2;2.4
2005-06-08;2.1;2.2
2005-06-09;1.8;2.0
2005-06-10;1.5;1.9
2005-06-11;1.8;1.9
2005-06-12;1.6;1.8
2005-06-13;1.5;1.8
2005-06-14;1.4;1.7
2005-06-15;1.4;1.6
2005-06-16;1.3;1.6
2005-06-17;1.3;1.6
2005-06-18;1.2;1.5
2005-06-19;1.2;1.5
2005-06-20;1.1;1.5
2005-06-21;1.0;1.5
2005-06-22;1.0;1.4
2005-06-23;1.0;1.4
2005-06-24;1.0;1.4
2005-06-25;1.1;1.4
2005-06-26;1.2;1.4
2005-06-27;1.1;1.3
2005-06-28;1.0;1.3
2005-06-29;1.5;1.3
2005-06-30;12.0;1.5
2005-07-01;4.9;2.5
2005-07-02;3.2;2.6
2005-07-03;2.6;2.5
2005-07-04;2.2;2.2
2005-07-05;2.3;2.4
2005-07-06;1.7;2.2
2005-07-07;2.4;2.5
2005-07-08;1.9;2.3
2005-07-09;3.9;2.5
2005-07-10;2.2;2.2
2005-07-11;1.6;1.9
2005-07-12;1.3;1.7
2005-07-13;1.2;1.6
2005-07-14;1.1;1.4
2005-07-15;1.1;1.4
2005-07-16;1.0;1.3
2005-07-17;1.0;1.2
2005-07-18;0.9;1.2
2005-07-19;2.3;1.2
2005-07-20;1.5;1.1
2005-07-21;1.3;1.2
2005-07-22;1.2;1.2
2005-07-23;1.1;1.1
2005-07-24;1.1;1.1
2005-07-25;1.2;1.1
2005-07-26;1.5;1.2
2005-07-27;1.3;1.2
2005-07-28;1.3;1.3
2005-07-29;2.7;1.9
2005-07-30;3.0;3.6
2005-07-31;2.0;3.0
2005-08-01;1.6;2.7
2005-08-02;1.4;2.2
2005-08-03;1.2;1.9
2005-08-04;1.1;1.7
2005-08-05;1.1;1.5
2005-08-06;1.2;1.4
2005-08-07;1.2;1.3
2005-08-08;1.2;1.3
2005-08-09;1.2;1.3
2005-08-10;1.1;1.1
2005-08-11;1.0;1.1
2005-08-12;1.0;1.0
2005-08-13;1.1;1.0
2005-08-14;1.8;1.3
2005-08-15;5.5;3.2
2005-08-16;6.3;7.0
2005-08-17;4.0;5.5
2005-08-18;2.8;4.3
2005-08-19;1.9;3.5
2005-08-20;1.6;3.2
2005-08-21;1.5;2.6
2005-08-22;1.5;2.3
2005-08-23;1.6;2.0
2005-08-24;2.0;2.4
2005-08-25;1.6;2.0
2005-08-26;1.5;1.9
2005-08-27;1.3;1.7
2005-08-28;1.2;1.5
2005-08-29;1.1;1.3
2005-08-30;1.0;1.1
2005-08-31;0.9;1.0
2005-09-01;0.9;1.0
2005-09-02;0.9;0.9
2005-09-03;0.9;0.9
2005-09-04;0.8;0.8
2005-09-05;0.8;0.8
2005-09-06;0.8;0.8
2005-09-07;0.8;0.7
2005-09-08;0.8;0.7
2005-09-09;0.9;0.7
2005-09-10;1.2;0.7
2005-09-11;1.5;0.8
2005-09-12;2.6;1.2
2005-09-13;2.8;1.7
2005-09-14;1.9;1.4
2005-09-15;1.5;1.3
2005-09-16;2.8;2.2
2005-09-17;3.1;2.7
2005-09-18;2.0;2.2
2005-09-19;1.6;1.8
2005-09-20;1.4;1.5
2005-09-21;1.2;1.3
2005-09-22;1.1;1.1
2005-09-23;1.1;1.0
2005-09-24;1.1;0.9
2005-09-25;1.0;0.8
2005-09-26;1.0;0.7
2005-09-27;1.0;0.7
2005-09-28;1.0;0.7
2005-09-29;1.0;0.7
2005-09-30;0.9;0.8
2005-10-01;1.8;1.2
2005-10-02;1.9;1.6
2005-10-03;1.5;1.6
2005-10-04;1.3;1.4
2005-10-05;1.2;1.2
2005-10-06;1.2;1.0
2005-10-07;1.1;0.9
2005-10-08;1.1;0.8
2005-10-09;1.0;0.7
2005-10-10;1.0;0.7
2005-10-11;1.0;0.6
2005-10-12;0.9;0.6
2005-10-13;0.9;0.6
2005-10-14;0.9;0.5
2005-10-15;0.9;0.5
2005-10-16;0.9;0.5
2005-10-17;0.8;0.5
2005-10-18;0.8;0.5
2005-10-19;0.8;0.5
2005-10-20;0.9;0.5
2005-10-21;0.9;0.5
2005-10-22;1.9;0.6
2005-10-23;2.0;1.2
2005-10-24;1.5;1.5
2005-10-25;1.3;1.5
2005-10-26;1.3;1.7
2005-10-27;1.3;1.4
2005-10-28;1.2;1.1
2005-10-29;1.3;1.0
2005-10-30;1.1;0.8
2005-10-31;1.0;0.7
2005-11-01;1.1;1.0
2005-11-02;1.2;0.9
2005-11-03;1.2;1.1
2005-11-04;1.3;1.4
2005-11-05;1.5;1.7
2005-11-06;1.4;1.5
2005-11-07;1.3;1.3
2005-11-08;1.3;1.3
2005-11-09;1.2;1.1
2005-11-10;1.2;1.1
2005-11-11;1.2;1.2
2005-11-12;1.2;1.0
2005-11-13;1.2;1.0
2005-11-14;1.2;1.0
2005-11-15;1.3;0.9
2005-11-16;2.9;2.2
2005-11-17;2.9;2.5
2005-11-18;2.6;2.0
2005-11-19;2.2;1.7
2005-11-20;1.9;1.4
2005-11-21;1.9;1.3
2005-11-22;1.9;1.8
2005-11-23;1.6;1.4
2005-11-24;1.4;1.3
2005-11-25;1.6;2.2
2005-11-26;1.6;1.8
2005-11-27;1.6;1.6
2005-11-28;1.7;3.1
2005-11-29;1.7;3.1
2005-11-30;1.7;2.9
2005-12-01;1.7;2.4
2005-12-02;1.6;2.1
2005-12-03;4.2;3.4
2005-12-04;6.9;4.1
2005-12-05;8.8;5.7
2005-12-06;6.9;4.7
2005-12-07;5.2;4.2
2005-12-08;4.3;4.0
2005-12-09;3.6;3.7
2005-12-10;2.9;2.8
2005-12-11;2.5;2.2
2005-12-12;2.3;1.8
2005-12-13;2.2;1.9
2005-12-14;2.1;1.9
2005-12-15;2.2;2.8
2005-12-16;2.8;4.2
2005-12-17;5.3;6.6
2005-12-18;4.9;5.0
2005-12-19;4.3;4.0
2005-12-20;4.0;5.2
2005-12-21;3.7;5.5
2005-12-22;4.0;5.5
2005-12-23;6.2;7.5
2005-12-24;6.7;5.8
2005-12-25;6.1;5.6
2005-12-26;5.7;6.5
2005-12-27;5.4;5.0
2005-12-28;4.8;3.8
2005-12-29;4.2;3.0
2005-12-30;3.8;2.4
2005-12-31;4.1;2.3
2006-01-01;9.5;7.3
2006-01-02;12.0;10.1
2006-01-03;10.7;11.1
2006-01-04;9.0;9.2
2006-01-05;7.4;7.0
2006-01-06;6.1;5.4
2006-01-07;5.0;4.2
2006-01-08;4.2;4.1
2006-01-09;3.6;3.6
2006-01-10;2.9;2.8
2006-01-11;2.7;2.3
2006-01-12;3.1;2.0
2006-01-13;2.7;3.2
2006-01-14;2.3;2.6
2006-01-15;1.8;2.1
2006-01-16;2.1;1.7
2006-01-17;2.9;2.0
2006-01-18;3.9;8.8
2006-01-19;3.9;6.9
2006-01-20;3.9;5.8
2006-01-21;6.8;7.5
2006-01-22;8.4;10.0
2006-01-23;7.4;7.6
2006-01-24;5.4;5.9
2006-01-25;5.2;4.5
2006-01-26;5.0;3.6
2006-01-27;3.6;2.8
2006-01-28;2.5;2.3
2006-01-29;3.2;1.9
2006-01-30;2.7;1.6
2006-01-31;3.0;1.3
2006-02-01;3.0;1.3
2006-02-02;3.0;2.7
2006-02-03;2.7;2.2
2006-02-04;2.4;1.8
2006-02-05;2.2;1.5
2006-02-06;2.3;1.6
2006-02-07;2.2;4.9
2006-02-08;6.0;11.0
2006-02-09;11.7;22.8
2006-02-10;7.9;19.8
2006-02-11;5.8;16.4
2006-02-12;4.8;12.4
2006-02-13;4.2;9.5
2006-02-14;4.0;7.3
2006-02-15;14.1;7.1
2006-02-16;41.2;18.9
2006-02-17;53.6;31.7
2006-02-18;39.7;26.8
2006-02-19;33.3;27.3
2006-02-20;26.3;23.6
2006-02-21;22.9;24.5
2006-02-22;20.0;21.3
2006-02-23;16.3;16.2
2006-02-24;13.1;12.4
2006-02-25;10.6;9.6
2006-02-26;8.5;7.5
2006-02-27;6.8;5.9
2006-02-28;6.6;4.7
2006-03-01;6.0;3.9
2006-03-02;5.4;3.2
2006-03-03;4.6;2.7
2006-03-04;4.3;2.3
2006-03-05;3.6;2.1
2006-03-06;3.7;1.8
2006-03-07;3.4;1.7
2006-03-08;3.4;2.8
2006-03-09;13.0;18.4
2006-03-10;34.2;30.3
2006-03-11;31.6;33.8
2006-03-12;25.8;24.3
2006-03-13;18.7;18.5
2006-03-14;14.7;14.2
2006-03-15;12.0;10.9
2006-03-16;10.0;8.5
2006-03-17;8.3;6.7
2006-03-18;7.2;5.6
2006-03-19;6.7;7.2
2006-03-20;6.4;8.1
2006-03-21;6.6;8.5
2006-03-22;6.4;9.8
2006-03-23;5.7;7.7
2006-03-24;5.4;6.3
2006-03-25;6.1;7.2
2006-03-26;8.0;9.1
2006-03-27;8.6;7.9
2006-03-28;8.0;8.0
2006-03-29;7.7;11.4
2006-03-30;8.2;13.8
2006-03-31;17.3;22.9
2006-04-01;19.3;19.7
2006-04-02;19.5;19.7
2006-04-03;16.9;17.1
2006-04-04;15.0;16.6
2006-04-05;12.5;13.0
2006-04-06;10.3;10.1
2006-04-07;8.5;8.1
2006-04-08;7.3;6.5
2006-04-09;6.4;6.0
2006-04-10;5.5;4.9
2006-04-11;4.7;4.1
2006-04-12;4.5;4.0
2006-04-13;4.3;6.0
2006-04-14;5.6;10.7
2006-04-15;5.8;11.4
2006-04-16;6.4;13.3
2006-04-17;6.8;11.7
2006-04-18;6.3;9.6
2006-04-19;5.7;7.6
2006-04-20;5.1;6.1
2006-04-21;4.6;5.0
2006-04-22;4.3;4.7
2006-04-23;3.9;3.9
2006-04-24;3.5;3.4
2006-04-25;3.3;3.1
2006-04-26;3.7;4.7
2006-04-27;3.8;6.1
2006-04-28;3.3;5.0
2006-04-29;3.0;4.2
2006-04-30;3.1;4.6
2006-05-01;3.3;5.7
2006-05-02;3.2;6.0
2006-05-03;2.9;4.8
2006-05-04;2.7;4.0
2006-05-05;2.4;3.4
2006-05-06;2.2;2.9
2006-05-07;2.0;2.6
2006-05-08;2.0;2.3
2006-05-09;1.9;2.1
2006-05-10;1.9;2.2
2006-05-11;1.7;2.0
2006-05-12;1.6;1.9
2006-05-13;1.6;1.8
2006-05-14;1.5;2.4
2006-05-15;1.5;2.1
2006-05-16;1.5;2.0
2006-05-17;3.0;3.2
2006-05-18;2.5;3.7
2006-05-19;2.4;4.6
2006-05-20;3.2;6.1
2006-05-21;5.0;9.4
2006-05-22;3.7;8.4
2006-05-23;3.5;8.6
2006-05-24;2.9;8.1
2006-05-25;3.4;9.1
2006-05-26;5.3;10.4
2006-05-27;14.4;17.0
2006-05-28;19.1;24.5
2006-05-29;14.3;19.1
2006-05-30;12.6;20.9
2006-05-31;12.6;19.4
2006-06-01;10.5;16.9
2006-06-02;8.6;14.1
2006-06-03;6.7;10.9
2006-06-04;5.5;8.6
2006-06-05;4.5;6.8
2006-06-06;3.8;5.5
2006-06-07;3.2;4.5
2006-06-08;2.8;3.7
2006-06-09;2.5;3.2
2006-06-10;2.2;2.8
2006-06-11;2.1;2.4
2006-06-12;1.8;2.2
2006-06-13;1.6;2.0
2006-06-14;1.5;1.9
2006-06-15;2.3;2.2
2006-06-16;2.2;2.3
2006-06-17;1.7;2.1
2006-06-18;1.5;1.9
2006-06-19;1.4;1.8
2006-06-20;1.7;1.9
2006-06-21;1.4;1.8
2006-06-22;1.2;1.7
2006-06-23;1.2;1.6
2006-06-24;1.1;1.5
2006-06-25;1.1;1.5
2006-06-26;1.4;1.5
2006-06-27;1.3;1.4
2006-06-28;1.5;1.5
2006-06-29;1.2;1.4
2006-06-30;1.1;1.4
2006-07-01;1.0;1.3
2006-07-02;0.9;1.3
2006-07-03;0.9;1.3
2006-07-04;0.8;1.2
2006-07-05;0.8;1.2
2006-07-06;0.9;1.2
2006-07-07;1.1;1.2
2006-07-08;0.9;1.2
2006-07-09;0.8;1.2
2006-07-10;0.8;1.1
2006-07-11;0.8;1.1
2006-07-12;1.2;1.1
2006-07-13;0.9;1.1
2006-07-14;0.8;1.1
2006-07-15;0.7;1.1
2006-07-16;0.7;1.0
2006-07-17;0.6;1.0
2006-07-18;0.6;1.0
2006-07-19;0.6;1.0
2006-07-20;0.6;1.0
2006-07-21;0.6;1.0
2006-07-22;0.8;1.0
2006-07-23;1.0;1.0
2006-07-24;0.8;0.9
2006-07-25;0.7;0.9
2006-07-26;0.6;0.9
2006-07-27;0.7;0.9
2006-07-28;0.8;0.9
2006-07-29;1.7;0.9
2006-07-30;1.0;0.9
2006-07-31;0.8;0.9
2006-08-01;0.7;0.9
2006-08-02;0.8;0.9
2006-08-03;0.9;0.9
2006-08-04;1.5;2.5
2006-08-05;27.3;22.5
2006-08-06;10.1;17.4
2006-08-07;4.9;13.3
2006-08-08;3.3;10.4
2006-08-09;2.4;8.0
2006-08-10;2.1;6.4
2006-08-11;2.2;5.2
2006-08-12;2.5;4.3
2006-08-13;2.7;3.7
2006-08-14;2.1;3.0
2006-08-15;2.4;2.9
2006-08-16;2.0;2.4
2006-08-17;1.7;2.1
2006-08-18;1.9;2.2
2006-08-19;1.8;1.9
2006-08-20;1.6;1.8
2006-08-21;1.8;1.9
2006-08-22;4.5;2.9
2006-08-23;3.2;2.8
2006-08-24;2.5;2.7
2006-08-25;4.5;4.5
2006-08-26;4.5;4.7
2006-08-27;6.0;5.4
2006-08-28;9.7;9.3
2006-08-29;10.5;11.6
2006-08-30;13.5;11.4
2006-08-31;8.5;9.7
2006-09-01;5.7;7.5
2006-09-02;4.2;5.9
2006-09-03;3.3;4.7
2006-09-04;2.8;4.2
2006-09-05;2.2;3.3
2006-09-06;1.9;2.7
2006-09-07;1.7;2.3
2006-09-08;1.5;2.0
2006-09-09;1.3;1.7
2006-09-10;1.2;1.5
2006-09-11;1.2;1.3
2006-09-12;1.2;1.2
2006-09-13;1.1;1.1
2006-09-14;1.1;1.1
2006-09-15;1.1;1.0
2006-09-16;1.1;1.0
2006-09-17;1.0;0.9
2006-09-18;1.2;1.0
2006-09-19;1.2;0.9
2006-09-20;1.0;0.9
2006-09-21;0.9;0.9
2006-09-22;0.9;0.9
2006-09-23;0.9;0.8
2006-09-24;0.9;0.8
2006-09-25;0.9;0.8
2006-09-26;0.9;0.8
2006-09-27;0.8;0.8
2006-09-28;0.8;0.8
2006-09-29;0.8;0.8
2006-09-30;0.8;0.8
2006-10-01;0.8;0.7
2006-10-02;0.8;0.7
2006-10-03;0.9;0.7
2006-10-04;1.1;0.8
2006-10-05;1.0;0.8
2006-10-06;0.9;0.8
2006-10-07;1.1;0.8
2006-10-08;1.1;0.8
2006-10-09;0.9;0.8
2006-10-10;0.9;0.8
2006-10-11;0.8;0.7
2006-10-12;0.8;0.7
2006-10-13;0.9;0.7
2006-10-14;0.9;0.7
2006-10-15;0.8;0.7
2006-10-16;0.8;0.6
2006-10-17;0.8;0.6
2006-10-18;0.8;0.6
2006-10-19;0.8;0.6
2006-10-20;0.8;0.6
2006-10-21;0.8;0.6
2006-10-22;0.8;0.6
2006-10-23;0.8;0.6
2006-10-24;1.7;0.8
2006-10-25;3.2;1.6
2006-10-26;1.8;1.4
2006-10-27;1.4;1.2
2006-10-28;1.2;1.0
2006-10-29;1.1;1.0
2006-10-30;1.0;0.9
2006-10-31;1.0;0.8
2006-11-01;1.0;0.8
2006-11-02;0.9;0.8
2006-11-03;1.0;0.8
2006-11-04;1.0;0.7
2006-11-05;0.9;0.7
2006-11-06;0.9;0.6
2006-11-07;0.9;0.6
2006-11-08;0.8;0.6
2006-11-09;1.0;0.7
2006-11-10;1.0;0.6
2006-11-11;0.9;0.7
2006-11-12;1.0;0.9
2006-11-13;1.3;1.2
2006-11-14;1.7;1.7
2006-11-15;2.1;1.6
2006-11-16;1.7;1.4
2006-11-17;1.6;1.6
2006-11-18;1.7;1.5
2006-11-19;1.8;1.8
2006-11-20;3.6;3.1
2006-11-21;3.6;4.1
2006-11-22;3.9;3.8
2006-11-23;3.5;4.6
2006-11-24;8.0;7.5
2006-11-25;6.6;6.0
2006-11-26;4.8;4.9
2006-11-27;3.7;3.8
2006-11-28;3.0;3.0
2006-11-29;2.6;2.8
2006-11-30;2.2;2.2
2006-12-01;1.9;1.8
2006-12-02;1.8;1.5
2006-12-03;1.7;1.3
2006-12-04;2.1;2.3
2006-12-05;5.0;4.6
2006-12-06;6.2;5.3
2006-12-07;5.3;4.3
2006-12-08;6.9;5.8
2006-12-09;12.3;9.6
2006-12-10;7.8;7.5
2006-12-11;5.8;6.0
2006-12-12;5.6;7.4
2006-12-13;5.2;5.9
2006-12-14;4.5;4.6
2006-12-15;3.9;3.6
2006-12-16;3.5;3.1
2006-12-17;4.2;5.6
2006-12-18;4.0;4.9
2006-12-19;3.7;3.9
2006-12-20;3.3;3.1
2006-12-21;3.0;2.5
2006-12-22;2.7;2.1
2006-12-23;2.5;1.7
2006-12-24;2.3;1.4
2006-12-25;2.1;1.2
2006-12-26;2.0;1.1
2006-12-27;1.9;0.9
2006-12-28;1.8;0.8
2006-12-29;1.8;0.8
2006-12-30;1.8;1.8
2006-12-31;2.2;3.8
2007-01-01;5.2;7.6
2007-01-02;10.0;10.6
2007-01-03;9.3;10.9
2007-01-04;8.7;9.9
2007-01-05;11.7;12.7
2007-01-06;11.0;11.7
2007-01-07;14.0;13.9
2007-01-08;12.6;11.3
2007-01-09;12.4;11.8
2007-01-10;10.2;10.2
2007-01-11;10.1;13.5
2007-01-12;18.1;19.1
2007-01-13;14.4;14.8
2007-01-14;10.9;12.1
2007-01-15;8.3;9.3
2007-01-16;6.9;7.2
2007-01-17;5.9;8.0
2007-01-18;38.5;36.6
2007-01-19;65.0;78.0
2007-01-20;42.5;52.5
2007-01-21;27.2;31.8
2007-01-22;19.2;26.3
2007-01-23;14.6;21.4
2007-01-24;11.2;16.3
2007-01-25;8.5;12.5
2007-01-26;6.7;9.7
2007-01-27;6.0;7.9
2007-01-28;5.4;9.7
2007-01-29;5.9;9.6
2007-01-30;6.1;8.6
2007-01-31;5.8;7.6
2007-02-01;5.5;6.9
2007-02-02;5.4;6.7
2007-02-03;5.1;5.6
2007-02-04;4.8;4.5
2007-02-05;4.7;3.8
2007-02-06;4.7;3.5
2007-02-07;4.7;5.6
2007-02-08;4.5;5.0
2007-02-09;6.2;9.7
2007-02-10;7.8;8.2
2007-02-11;9.9;8.7
2007-02-12;22.3;19.1
2007-02-13;31.2;25.8
2007-02-14;25.4;21.2
2007-02-15;20.9;18.9
2007-02-16;15.5;14.5
2007-02-17;12.4;11.2
2007-02-18;10.0;8.8
2007-02-19;8.3;7.0
2007-02-20;7.1;5.6
2007-02-21;6.1;4.6
2007-02-22;5.5;4.6
2007-02-23;4.9;4.3
2007-02-24;6.0;9.0
2007-02-25;9.1;14.6
2007-02-26;12.3;17.4
2007-02-27;19.9;20.8
2007-02-28;23.9;24.0
2007-03-01;38.9;41.1
2007-03-02;36.7;31.6
2007-03-03;27.0;28.0
2007-03-04;21.0;22.9
2007-03-05;16.7;18.5
2007-03-06;13.5;17.3
2007-03-07;12.4;16.1
2007-03-08;10.7;13.6
2007-03-09;8.8;11.3
2007-03-10;9.7;13.8
2007-03-11;8.3;10.8
2007-03-12;7.5;8.6
2007-03-13;6.8;6.9
2007-03-14;6.0;5.6
2007-03-15;5.5;4.7
2007-03-16;5.1;4.0
2007-03-17;4.7;3.6
2007-03-18;4.9;4.7
2007-03-19;5.6;7.9
2007-03-20;4.8;6.6
2007-03-21;4.4;7.3
2007-03-22;6.3;14.7
2007-03-23;17.3;30.2
2007-03-24;23.9;25.3
2007-03-25;38.1;20.9
2007-03-26;37.5;16.1
2007-03-27;25.8;12.5
2007-03-28;18.0;9.8
2007-03-29;13.6;7.9
2007-03-30;10.8;6.9
2007-03-31;8.8;6.7
2007-04-01;7.2;5.9
2007-04-02;5.9;4.9
2007-04-03;5.3;4.2
2007-04-04;4.9;3.8
2007-04-05;4.3;3.3
2007-04-06;3.9;2.9
2007-04-07;3.6;2.7
2007-04-08;3.3;2.5
2007-04-09;3.1;2.3
2007-04-10;2.9;2.2
2007-04-11;2.7;2.1
2007-04-12;2.6;2.0
2007-04-13;2.6;1.9
2007-04-14;2.5;1.9
2007-04-15;2.3;1.8
2007-04-16;2.1;1.8
2007-04-17;2.0;1.8
2007-04-18;2.0;1.7
2007-04-19;1.9;1.7
2007-04-20;1.8;1.7
2007-04-21;1.8;1.7
2007-04-22;1.7;1.6
2007-04-23;1.7;1.6
2007-04-24;1.7;1.6
2007-04-25;1.6;1.6
2007-04-26;1.5;1.6
2007-04-27;1.4;1.5
2007-04-28;1.4;1.5
2007-04-29;1.3;1.5
2007-04-30;1.3;1.5
2007-05-01;1.3;1.5
2007-05-02;1.3;1.4
2007-05-03;1.2;1.4
2007-05-04;1.2;1.4
2007-05-05;1.2;1.4
2007-05-06;1.2;1.4
2007-05-07;1.2;1.4
2007-05-08;1.8;1.4
2007-05-09;1.8;1.5
2007-05-10;2.1;1.8
2007-05-11;1.6;1.7
2007-05-12;1.4;1.9
2007-05-13;1.4;1.9
2007-05-14;1.9;2.3
2007-05-15;1.9;2.8
2007-05-16;2.1;2.6
2007-05-17;3.1;4.1
2007-05-18;2.5;4.1
2007-05-19;1.8;3.5
2007-05-20;1.7;2.9
2007-05-21;1.5;2.6
2007-05-22;1.4;2.3
2007-05-23;1.4;2.3
2007-05-24;1.3;2.1
2007-05-25;1.5;2.3
2007-05-26;2.5;3.1
2007-05-27;4.2;5.1
2007-05-28;3.7;6.3
2007-05-29;4.0;8.0
2007-05-30;3.0;6.4
2007-05-31;2.5;6.3
2007-06-01;2.4;6.0
2007-06-02;2.1;5.3
2007-06-03;1.8;4.2
2007-06-04;1.6;3.4
2007-06-05;1.5;2.8
2007-06-06;1.3;2.4
2007-06-07;1.2;2.1
2007-06-08;1.2;1.8
2007-06-09;1.2;1.6
2007-06-10;3.9;1.8
2007-06-11;6.6;2.6
2007-06-12;3.7;2.7
2007-06-13;2.5;2.2
2007-06-14;1.9;2.0
2007-06-15;1.7;1.9
2007-06-16;1.6;1.8
2007-06-17;1.4;1.8
2007-06-18;1.6;2.0
2007-06-19;1.4;1.9
2007-06-20;1.4;2.3
2007-06-21;5.8;2.6
2007-06-22;8.8;7.9
2007-06-23;5.3;9.3
2007-06-24;4.2;9.3
2007-06-25;7.5;15.4
2007-06-26;7.5;14.7
2007-06-27;6.0;12.8
2007-06-28;4.3;10.5
2007-06-29;3.4;9.2
2007-06-30;2.8;7.8
2007-07-01;2.4;6.1
2007-07-02;2.0;5.1
2007-07-03;2.1;4.7
2007-07-04;3.6;5.7
2007-07-05;3.6;6.1
2007-07-06;3.8;6.5
2007-07-07;2.9;5.2
2007-07-08;2.2;4.2
2007-07-09;1.9;3.7
2007-07-10;1.9;3.3
2007-07-11;2.7;3.6
2007-07-12;2.1;3.4
2007-07-13;1.8;3.0
2007-07-14;1.6;2.7
2007-07-15;1.3;2.3
2007-07-16;1.1;2.0
2007-07-17;1.0;1.8
2007-07-18;1.0;1.6
2007-07-19;0.9;1.4
2007-07-20;1.0;1.4
2007-07-21;1.1;1.5
2007-07-22;1.0;1.3
2007-07-23;0.9;1.3
2007-07-24;0.9;1.2
2007-07-25;1.0;1.2
2007-07-26;0.9;1.2
2007-07-27;0.8;1.1
2007-07-28;0.8;1.1
2007-07-29;0.9;1.1
2007-07-30;1.0;1.1
2007-07-31;1.0;1.1
2007-08-01;0.9;1.0
2007-08-02;0.8;1.0
2007-08-03;1.0;1.0
2007-08-04;0.8;1.0
2007-08-05;0.8;0.9
2007-08-06;0.7;0.9
2007-08-07;0.9;0.9
2007-08-08;1.0;1.0
2007-08-09;2.1;1.3
2007-08-10;4.7;2.7
2007-08-11;3.1;2.4
2007-08-12;2.0;2.0
2007-08-13;1.6;2.2
2007-08-14;1.3;1.8
2007-08-15;1.2;1.8
2007-08-16;7.1;3.2
2007-08-17;3.7;2.9
2007-08-18;2.3;2.4
2007-08-19;1.9;2.1
2007-08-20;2.6;3.9
2007-08-21;2.6;5.4
2007-08-22;32.1;29.6
2007-08-23;25.5;26.2
2007-08-24;12.7;19.8
2007-08-25;7.4;15.0
2007-08-26;5.0;11.4
2007-08-27;3.8;8.8
2007-08-28;2.9;6.8
2007-08-29;2.5;5.3
2007-08-30;2.0;4.2
2007-08-31;2.0;3.7
2007-09-01;1.9;3.5
2007-09-02;1.7;2.8
2007-09-03;2.7;2.5
2007-09-04;3.4;3.7
2007-09-05;2.4;3.9
2007-09-06;2.1;3.8
2007-09-07;2.1;3.5
2007-09-08;2.0;2.9
2007-09-09;1.9;2.8
2007-09-10;1.9;2.4
2007-09-11;2.0;2.8
2007-09-12;1.8;2.4
2007-09-13;1.6;2.0
2007-09-14;1.4;1.7
2007-09-15;1.3;1.5
2007-09-16;1.2;1.4
2007-09-17;1.2;1.3
2007-09-18;2.0;1.8
2007-09-19;2.0;2.2
2007-09-20;1.6;1.9
2007-09-21;1.4;1.6
2007-09-22;1.3;1.4
2007-09-23;1.3;1.3
2007-09-24;1.3;1.2
2007-09-25;1.4;1.4
2007-09-26;1.3;1.3
2007-09-27;10.0;5.4
2007-09-28;90.5;77.6
2007-09-29;34.4;38.2
2007-09-30;18.6;26.3
2007-10-01;11.6;19.9
2007-10-02;8.3;15.6
2007-10-03;6.5;12.0
2007-10-04;5.4;9.3
2007-10-05;4.4;7.3
2007-10-06;3.6;5.8
2007-10-07;3.1;4.6
2007-10-08;2.8;3.8
2007-10-09;2.5;3.1
2007-10-10;2.4;2.6
2007-10-11;2.3;2.2
2007-10-12;2.0;2.0
2007-10-13;2.0;1.7
2007-10-14;1.8;1.6
2007-10-15;1.7;1.4
2007-10-16;1.7;1.3
2007-10-17;1.6;1.3
2007-10-18;1.7;1.4
2007-10-19;1.8;1.4
2007-10-20;1.8;1.4
2007-10-21;1.7;1.3
2007-10-22;1.7;1.5
2007-10-23;1.6;1.4
2007-10-24;1.6;1.3
2007-10-25;1.5;1.2
2007-10-26;1.6;1.1
2007-10-27;1.6;1.1
2007-10-28;1.5;1.0
2007-10-29;1.7;1.1
2007-10-30;11.4;2.3
2007-10-31;8.3;2.3
2007-11-01;5.5;2.1
2007-11-02;4.7;1.9
2007-11-03;4.5;2.6
2007-11-04;4.2;2.6
2007-11-05;3.6;2.3
2007-11-06;3.5;3.0
2007-11-07;3.4;2.9
2007-11-08;3.5;3.3
2007-11-09;7.1;8.0
2007-11-10;17.6;12.8
2007-11-11;29.7;18.1
2007-11-12;32.4;19.4
2007-11-13;21.8;16.1
2007-11-14;20.0;18.6
2007-11-15;16.2;15.0
2007-11-16;12.4;11.5
2007-11-17;9.9;8.9
2007-11-18;8.5;6.9
2007-11-19;7.5;5.9
2007-11-20;7.1;6.6
2007-11-21;6.6;6.1
2007-11-22;6.7;5.9
2007-11-23;6.3;4.9
2007-11-24;6.0;4.9
2007-11-25;5.5;5.5
2007-11-26;8.9;8.6
2007-11-27;9.3;6.9
2007-11-28;8.2;5.5
2007-11-29;7.5;4.4
2007-11-30;6.7;3.9
2007-12-01;6.4;4.6
2007-12-02;7.2;6.7
2007-12-03;31.2;19.0
2007-12-04;28.0;19.3
2007-12-05;21.4;16.0
2007-12-06;18.4;18.2
2007-12-07;34.7;28.5
2007-12-08;29.0;24.0
2007-12-09;23.6;21.2
2007-12-10;23.8;21.6
2007-12-11;27.7;25.5
2007-12-12;26.2;21.0
2007-12-13;20.7;16.1
2007-12-14;16.1;12.4
2007-12-15;12.7;9.7
2007-12-16;10.1;7.6
2007-12-17;8.2;6.1
2007-12-18;6.8;4.9
2007-12-19;5.7;4.1
2007-12-20;4.9;3.4
2007-12-21;4.5;2.9
2007-12-22;4.1;2.6
2007-12-23;4.3;2.3
2007-12-24;4.2;2.1
2007-12-25;3.6;1.9
2007-12-26;3.5;1.8
2007-12-27;3.2;1.8
2007-12-28;3.2;2.9
2007-12-29;3.3;2.7
2007-12-30;3.4;3.6
2007-12-31;3.4;4.1
2008-01-01;3.5;5.0
2008-01-02;3.4;4.1
2008-01-03;3.1;3.4
2008-01-04;3.0;3.0
2008-01-05;3.7;4.8
2008-01-06;10.8;11.5
2008-01-07;9.5;10.3
2008-01-08;10.7;10.8
2008-01-09;9.6;8.5
2008-01-10;9.0;7.8
2008-01-11;8.7;6.7
2008-01-12;10.9;8.9
2008-01-13;9.3;7.1
2008-01-14;7.9;6.1
2008-01-15;7.5;6.7
2008-01-16;10.0;11.9
2008-01-17;13.0;12.1
2008-01-18;12.2;11.6
2008-01-19;11.9;12.9
2008-01-20;15.0;14.7
2008-01-21;13.8;12.5
2008-01-22;17.9;17.2
2008-01-23;17.3;14.0
2008-01-24;14.1;11.1
2008-01-25;11.5;10.4
2008-01-26;9.5;8.2
2008-01-27;8.5;6.5
2008-01-28;7.8;5.2
2008-01-29;7.0;4.3
2008-01-30;6.2;3.7
2008-01-31;5.7;5.3
2008-02-01;6.7;8.4
2008-02-02;8.3;9.6
2008-02-03;7.2;9.5
2008-02-04;7.7;8.5
2008-02-05;11.1;10.8
2008-02-06;19.7;17.0
2008-02-07;19.4;14.5
2008-02-08;15.1;11.2
2008-02-09;12.2;8.8
2008-02-10;9.9;6.9
2008-02-11;8.4;5.6
2008-02-12;7.2;4.5
2008-02-13;6.3;3.8
2008-02-14;5.7;3.2
2008-02-15;5.1;2.8
2008-02-16;4.4;2.4
2008-02-17;3.9;2.2
2008-02-18;3.9;2.0
2008-02-19;3.9;1.9
2008-02-20;4.1;1.9
2008-02-21;3.8;3.6
2008-02-22;3.7;3.2
2008-02-23;3.5;2.7
2008-02-24;3.3;2.4
2008-02-25;3.1;2.7
2008-02-26;3.1;2.4
2008-02-27;3.1;2.7
2008-02-28;2.8;3.3
2008-02-29;9.4;15.9
2008-03-01;31.8;35.1
2008-03-02;30.7;27.0
2008-03-03;21.2;22.3
2008-03-04;16.4;31.9
2008-03-05;13.4;30.9
2008-03-06;11.5;23.5
2008-03-07;15.0;18.1
2008-03-08;25.3;14.0
2008-03-09;23.4;11.0
2008-03-10;19.6;10.0
2008-03-11;24.9;18.3
2008-03-12;39.9;26.5
2008-03-13;31.4;23.9
2008-03-14;30.4;27.7
2008-03-15;26.4;22.0
2008-03-16;23.6;19.8
2008-03-17;26.8;25.0
2008-03-18;21.5;19.8
2008-03-19;17.7;16.0
2008-03-20;14.8;14.5
2008-03-21;21.7;20.9
2008-03-22;28.5;22.1
2008-03-23;26.1;21.5
2008-03-24;22.2;16.6
2008-03-25;18.9;12.9
2008-03-26;17.0;10.7
2008-03-27;19.7;15.6
2008-03-28;22.5;19.3
2008-03-29;24.2;17.0
2008-03-30;21.0;13.3
2008-03-31;17.2;11.1
2008-04-01;13.4;9.1
2008-04-02;11.1;7.4
2008-04-03;9.4;6.8
2008-04-04;8.1;6.3
2008-04-05;8.0;6.2
2008-04-06;10.5;12.3
2008-04-07;11.1;11.2
2008-04-08;10.1;10.0
2008-04-09;9.4;8.1
2008-04-10;9.1;8.3
2008-04-11;8.2;6.7
2008-04-12;7.1;5.6
2008-04-13;6.7;5.7
2008-04-14;11.1;11.8
2008-04-15;18.8;17.0
2008-04-16;16.8;14.8
2008-04-17;14.5;11.6
2008-04-18;12.5;9.2
2008-04-19;10.6;7.4
2008-04-20;8.8;6.4
2008-04-21;7.5;5.3
2008-04-22;6.6;4.6
2008-04-23;5.6;4.2
2008-04-24;4.9;4.1
2008-04-25;4.6;4.3
2008-04-26;4.1;3.7
2008-04-27;3.9;3.3
2008-04-28;4.3;3.7
2008-04-29;5.3;6.5
2008-04-30;4.4;5.4
2008-05-01;3.9;4.8
2008-05-02;3.6;4.9
2008-05-03;3.3;4.8
2008-05-04;3.0;4.1
2008-05-05;2.9;3.5
2008-05-06;2.7;3.1
2008-05-07;2.6;2.8
2008-05-08;2.5;2.5
2008-05-09;2.4;2.3
2008-05-10;2.3;2.2
2008-05-11;2.2;2.1
2008-05-12;2.1;2.0
2008-05-13;2.0;1.9
2008-05-14;2.0;1.9
2008-05-15;2.5;2.1
2008-05-16;3.1;2.8
2008-05-17;3.3;3.9
2008-05-18;3.2;4.6
2008-05-19;2.6;3.9
2008-05-20;2.2;3.3
2008-05-21;2.0;2.8
2008-05-22;1.9;2.5
2008-05-23;1.8;2.3
2008-05-24;1.7;2.1
2008-05-25;1.7;2.0
2008-05-26;1.7;1.9
2008-05-27;1.7;1.8
2008-05-28;1.6;1.7
2008-05-29;1.5;1.7
2008-05-30;3.2;1.9
2008-05-31;2.7;2.1
2008-06-01;2.0;2.1
2008-06-02;1.7;2.0
2008-06-03;2.2;2.4
2008-06-04;2.1;2.2
2008-06-05;2.4;2.7
2008-06-06;2.2;2.5
2008-06-07;4.6;3.5
2008-06-08;3.2;3.0
2008-06-09;2.6;2.9
2008-06-10;2.1;2.5
2008-06-11;1.8;2.2
2008-06-12;1.9;2.0
2008-06-13;2.3;2.4
2008-06-14;1.9;2.2
2008-06-15;2.1;2.5
2008-06-16;2.0;2.5
2008-06-17;1.7;2.2
2008-06-18;1.5;1.9
2008-06-19;1.4;1.8
2008-06-20;1.6;1.9
2008-06-21;1.4;1.7
2008-06-22;1.4;1.6
2008-06-23;2.4;1.8
2008-06-24;1.6;1.6
2008-06-25;1.6;1.6
2008-06-26;1.7;1.8
2008-06-27;1.3;1.6
2008-06-28;1.2;1.5
2008-06-29;1.2;1.4
2008-06-30;1.1;1.3
2008-07-01;1.1;1.2
2008-07-02;1.5;1.2
2008-07-03;5.7;1.5
2008-07-04;4.8;3.7
2008-07-05;2.7;3.0
2008-07-06;2.0;2.6
2008-07-07;1.8;2.4
2008-07-08;1.7;2.6
2008-07-09;1.7;2.4
2008-07-10;1.5;2.1
2008-07-11;1.3;1.9
2008-07-12;1.8;2.0
2008-07-13;1.7;2.1
2008-07-14;1.4;1.8
2008-07-15;1.2;1.6
2008-07-16;1.2;1.5
2008-07-17;1.4;1.6
2008-07-18;1.4;1.6
2008-07-19;1.3;1.5
2008-07-20;1.3;1.5
2008-07-21;1.4;1.6
2008-07-22;1.8;1.9
2008-07-23;1.7;1.7
2008-07-24;1.3;1.5
2008-07-25;1.2;1.3
2008-07-26;3.0;1.2
2008-07-27;12.0;2.0
2008-07-28;5.6;3.6
2008-07-29;3.9;3.4
2008-07-30;3.0;3.5
2008-07-31;2.2;2.8
2008-08-01;1.8;2.3
2008-08-02;1.6;1.9
2008-08-03;1.5;1.8
2008-08-04;1.8;2.0
2008-08-05;1.8;1.8
2008-08-06;1.6;1.5
2008-08-07;1.4;1.4
2008-08-08;1.5;1.3
2008-08-09;1.7;1.5
2008-08-10;1.4;1.3
2008-08-11;1.3;1.2
2008-08-12;1.5;1.1
2008-08-13;2.5;1.4
2008-08-14;1.8;1.3
2008-08-15;1.4;1.1
2008-08-16;1.2;1.0
2008-08-17;1.1;0.9
2008-08-18;1.0;0.9
2008-08-19;0.9;0.8
2008-08-20;0.9;0.8
2008-08-21;0.9;0.8
2008-08-22;1.0;0.7
2008-08-23;2.2;0.8
2008-08-24;1.5;1.0
2008-08-25;1.3;1.2
2008-08-26;1.2;1.1
2008-08-27;1.1;1.0
2008-08-28;1.0;0.9
2008-08-29;1.0;0.8
2008-08-30;0.9;0.8
2008-08-31;0.9;0.7
2008-09-01;0.9;0.7
2008-09-02;0.8;0.7
2008-09-03;1.9;0.7
2008-09-04;2.0;1.0
2008-09-05;1.5;1.0
2008-09-06;4.3;1.9
2008-09-07;2.5;1.6
2008-09-08;1.9;1.7
2008-09-09;1.5;1.4
2008-09-10;1.3;1.3
2008-09-11;1.2;1.1
2008-09-12;1.5;1.1
2008-09-13;3.2;1.9
2008-09-14;3.2;2.9
2008-09-15;2.1;2.3
2008-09-16;1.7;1.8
2008-09-17;1.4;1.5
2008-09-18;1.2;1.3
2008-09-19;1.1;1.1
2008-09-20;1.1;0.9
2008-09-21;1.0;0.8
2008-09-22;1.0;0.7
2008-09-23;1.0;0.7
2008-09-24;1.2;0.8
2008-09-25;1.1;0.8
2008-09-26;1.0;0.7
2008-09-27;0.9;0.6
2008-09-28;0.9;0.6
2008-09-29;0.9;0.6
2008-09-30;0.9;0.6
2008-10-01;2.0;0.7
2008-10-02;3.2;1.2
2008-10-03;2.0;1.2
2008-10-04;1.7;1.2
2008-10-05;1.4;1.1
2008-10-06;2.6;1.9
2008-10-07;3.2;1.8
2008-10-08;2.5;1.6
2008-10-09;2.7;2.0
2008-10-10;2.2;1.7
2008-10-11;1.9;1.3
2008-10-12;1.7;1.1
2008-10-13;1.6;0.9
2008-10-14;1.5;0.8
2008-10-15;1.4;0.7
2008-10-16;1.6;0.9
2008-10-17;2.7;1.5
2008-10-18;2.2;1.2
2008-10-19;1.8;1.0
2008-10-20;1.6;0.9
2008-10-21;1.6;0.8
2008-10-22;1.7;1.0
2008-10-23;1.6;0.9
2008-10-24;1.4;0.8
2008-10-25;1.4;0.7
2008-10-26;1.3;0.7
2008-10-27;2.5;1.5
2008-10-28;4.7;2.4
2008-10-29;3.2;1.9
2008-10-30;2.7;1.6
2008-10-31;2.5;2.0
2008-11-01;2.7;2.2
2008-11-02;2.5;1.8
2008-11-03;2.2;1.5
2008-11-04;2.0;1.2
2008-11-05;1.9;1.0
2008-11-06;1.8;0.9
2008-11-07;1.7;0.7
2008-11-08;1.6;0.7
2008-11-09;1.6;0.7
2008-11-10;1.9;1.3
2008-11-11;2.6;1.7
2008-11-12;3.6;2.0
2008-11-13;3.1;1.6
2008-11-14;2.6;1.3
2008-11-15;2.3;1.1
2008-11-16;2.2;0.9
2008-11-17;2.1;1.0
2008-11-18;2.0;0.9
2008-11-19;2.0;1.1
2008-11-20;1.8;0.9
2008-11-21;2.1;1.2
2008-11-22;3.2;2.3
2008-11-23;3.1;1.8
2008-11-24;3.4;1.5
2008-11-25;3.8;1.9
2008-11-26;3.8;1.6
2008-11-27;4.1;1.9
2008-11-28;4.8;2.3
2008-11-29;4.8;1.9
2008-11-30;4.3;1.9
2008-12-01;4.0;2.6
2008-12-02;3.9;3.7
2008-12-03;4.8;5.4
2008-12-04;4.9;4.1
2008-12-05;11.5;3.8
2008-12-06;23.6;10.1
2008-12-07;19.2;9.1
2008-12-08;14.5;7.1
2008-12-09;10.6;5.4
2008-12-10;8.4;4.2
2008-12-11;6.8;4.3
2008-12-12;5.5;3.3
2008-12-13;4.6;2.6
2008-12-14;4.2;2.1
2008-12-15;3.7;2.8
2008-12-16;3.2;2.6
2008-12-17;2.9;2.1
2008-12-18;3.1;1.9
2008-12-19;3.5;4.7
2008-12-20;5.2;5.8
2008-12-21;14.3;10.1
2008-12-22;14.2;8.3
2008-12-23;11.2;6.9
2008-12-24;8.8;5.5
2008-12-25;7.3;4.4
2008-12-26;5.9;3.4
2008-12-27;4.8;2.7
2008-12-28;3.9;2.1
2008-12-29;3.0;1.7
2008-12-30;3.3;1.4
2008-12-31;3.6;1.2
2009-01-01;3.4;1.0
2009-01-02;2.7;0.9
2009-01-03;2.4;0.8
2009-01-04;2.2;0.7
2009-01-05;2.2;0.7
2009-01-06;1.9;0.6
2009-01-07;2.3;0.6
2009-01-08;2.5;0.6
2009-01-09;2.1;0.5
2009-01-10;3.8;0.5
2009-01-11;4.7;0.5
2009-01-12;3.3;0.5
2009-01-13;2.5;0.7
2009-01-14;2.5;3.3
2009-01-15;2.1;3.7
2009-01-16;1.8;2.9
2009-01-17;1.8;2.3
2009-01-18;2.5;3.3
2009-01-19;6.4;7.4
2009-01-20;10.6;8.6
2009-01-21;6.4;6.6
2009-01-22;4.9;5.5
2009-01-23;16.4;10.1
2009-01-24;32.1;19.8
2009-01-25;17.5;14.9
2009-01-26;11.7;11.3
2009-01-27;8.1;8.6
2009-01-28;6.0;6.6
2009-01-29;5.0;5.1
2009-01-30;3.8;4.0
2009-01-31;3.5;3.1
2009-02-01;3.2;2.5
2009-02-02;3.0;2.0
2009-02-03;3.0;1.8
2009-02-04;2.8;2.5
2009-02-05;2.7;2.3
2009-02-06;2.8;2.7
2009-02-07;2.8;2.2
2009-02-08;2.7;2.3
2009-02-09;2.4;2.8
2009-02-10;16.2;13.2
2009-02-11;20.0;22.7
2009-02-12;12.9;20.8
2009-02-13;9.5;15.7
2009-02-14;7.7;11.9
2009-02-15;5.8;9.1
2009-02-16;6.2;9.2
2009-02-17;42.1;36.4
2009-02-18;60.7;29.9
2009-02-19;31.8;22.6
2009-02-20;21.7;17.6
2009-02-21;22.0;19.7
2009-02-22;24.7;18.8
2009-02-23;28.4;16.3
2009-02-24;26.1;14.0
2009-02-25;19.6;10.8
2009-02-26;16.0;8.4
2009-02-27;13.8;6.9
2009-02-28;12.0;5.8
2009-03-01;10.8;4.8
2009-03-02;9.8;6.0
2009-03-03;8.3;4.9
2009-03-04;7.9;4.7
2009-03-05;14.3;13.8
2009-03-06;54.8;38.5
2009-03-07;54.0;31.5
2009-03-08;36.1;24.2
2009-03-09;31.7;23.9
2009-03-10;27.3;23.5
2009-03-11;27.5;21.6
2009-03-12;22.7;18.2
2009-03-13;20.8;18.0
2009-03-14;17.9;13.9
2009-03-15;15.4;11.8
2009-03-16;12.4;9.9
2009-03-17;10.2;8.0
2009-03-18;8.8;6.4
2009-03-19;7.8;5.2
2009-03-20;6.9;4.3
2009-03-21;6.1;3.6
2009-03-22;5.5;3.1
2009-03-23;5.3;3.4
2009-03-24;7.0;10.5
2009-03-25;7.6;12.7
2009-03-26;14.0;17.7
2009-03-27;20.1;17.8
2009-03-28;20.4;16.1
2009-03-29;20.8;17.7
2009-03-30;17.3;14.8
2009-03-31;13.6;11.5
2009-04-01;11.2;9.0
2009-04-02;9.1;7.2
2009-04-03;7.8;5.8
2009-04-04;6.7;4.7
2009-04-05;5.8;4.0
2009-04-06;5.6;3.4
2009-04-07;5.4;3.1
2009-04-08;5.4;5.4
2009-04-09;4.3;5.0
2009-04-10;3.7;4.1
2009-04-11;3.4;3.5
2009-04-12;3.3;3.7
2009-04-13;3.1;3.1
2009-04-14;3.1;2.7
2009-04-15;3.1;2.4
2009-04-16;3.3;2.8
2009-04-17;20.3;11.7
2009-04-18;57.5;50.2
2009-04-19;33.3;30.5
2009-04-20;21.1;23.2
2009-04-21;14.6;17.7
2009-04-22;10.9;13.7
2009-04-23;8.7;10.6
2009-04-24;7.1;8.4
2009-04-25;6.1;7.0
2009-04-26;5.4;6.1
2009-04-27;5.0;7.5
2009-04-28;4.8;6.5
2009-04-29;4.6;6.8
2009-04-30;4.4;6.1
2009-05-01;4.0;5.0
2009-05-02;3.2;4.1
2009-05-03;3.0;3.5
2009-05-04;2.8;3.0
2009-05-05;2.6;2.7
2009-05-06;2.8;3.0
2009-05-07;2.7;2.6
2009-05-08;2.5;2.5
2009-05-09;2.3;2.4
2009-05-10;3.5;3.7
2009-05-11;5.0;5.8
2009-05-12;12.4;11.0
2009-05-13;20.0;18.7
2009-05-14;13.6;14.8
2009-05-15;13.4;17.7
2009-05-16;11.1;15.8
2009-05-17;8.5;12.5
2009-05-18;7.4;9.9
2009-05-19;6.0;7.8
2009-05-20;4.9;6.3
2009-05-21;4.8;5.3
2009-05-22;4.7;6.0
2009-05-23;3.7;4.9
2009-05-24;3.2;4.1
2009-05-25;3.0;3.5
2009-05-26;3.1;3.5
2009-05-27;2.4;3.2
2009-05-28;2.1;2.8
2009-05-29;1.9;2.5
2009-05-30;1.7;2.3
2009-05-31;1.7;2.1
2009-06-01;1.6;2.0
2009-06-02;1.5;1.8
2009-06-03;1.4;1.7
2009-06-04;1.4;1.7
2009-06-05;1.3;1.6
2009-06-06;1.6;1.6
2009-06-07;2.1;1.6
2009-06-08;1.9;1.8
2009-06-09;1.6;1.7
2009-06-10;1.9;2.2
2009-06-11;3.0;3.7
2009-06-12;2.9;5.4
2009-06-13;2.0;4.4
2009-06-14;1.5;3.7
2009-06-15;2.2;4.3
2009-06-16;7.1;8.6
2009-06-17;4.8;8.0
2009-06-18;3.2;6.3
2009-06-19;2.7;5.0
2009-06-20;2.2;4.2
2009-06-21;2.2;4.4
2009-06-22;2.4;5.1
2009-06-23;1.7;4.1
2009-06-24;1.4;3.4
2009-06-25;1.4;2.9
2009-06-26;1.4;2.5
2009-06-27;3.4;2.9
2009-06-28;10.0;4.3
2009-06-29;4.2;3.6
2009-06-30;2.7;3.0
2009-07-01;2.0;2.6
2009-07-02;1.7;2.2
2009-07-03;2.2;2.0
2009-07-04;3.5;2.5
2009-07-05;2.1;2.3
2009-07-06;2.5;2.9
2009-07-07;2.5;3.2
2009-07-08;2.1;3.6
2009-07-09;2.2;4.2
2009-07-10;2.0;4.0
2009-07-11;1.9;3.4
2009-07-12;1.7;3.0
2009-07-13;1.6;3.4
2009-07-14;1.7;2.8
2009-07-15;1.3;2.4
2009-07-16;1.2;2.1
2009-07-17;1.1;2.0
2009-07-18;1.2;1.9
2009-07-19;1.1;1.8
2009-07-20;1.0;1.8
2009-07-21;1.0;1.6
2009-07-22;1.2;1.7
2009-07-23;1.3;1.7
2009-07-24;1.7;2.2
2009-07-25;1.3;2.0
2009-07-26;1.0;2.0
2009-07-27;1.0;1.7
2009-07-28;1.0;1.8
2009-07-29;0.9;1.6
2009-07-30;1.1;1.8
2009-07-31;1.2;1.6
2009-08-01;1.0;1.4
2009-08-02;1.1;1.3
2009-08-03;1.0;1.3
2009-08-04;0.9;1.2
2009-08-05;0.8;1.1
2009-08-06;0.8;1.1
2009-08-07;0.9;1.0
2009-08-08;0.9;1.0
2009-08-09;0.9;1.0
2009-08-10;0.9;0.9
2009-08-11;0.9;0.9
2009-08-12;0.9;0.9
2009-08-13;1.3;0.9
2009-08-14;1.6;1.2
2009-08-15;1.3;1.1
2009-08-16;1.0;1.0
2009-08-17;0.9;0.9
2009-08-18;0.8;0.9
2009-08-19;0.8;0.9
2009-08-20;0.6;0.8
2009-08-21;0.7;0.8
2009-08-22;0.9;0.8
2009-08-23;0.8;0.8
2009-08-24;0.7;0.8
2009-08-25;0.8;0.8
2009-08-26;1.0;0.8
2009-08-27;0.7;0.8
2009-08-28;0.8;0.7
2009-08-29;0.8;0.7
2009-08-30;0.8;0.7
2009-08-31;0.8;0.7
2009-09-01;0.8;0.7
2009-09-02;0.9;0.7
2009-09-03;0.9;0.7
2009-09-04;0.9;0.7
2009-09-05;0.9;0.7
2009-09-06;0.9;0.7
2009-09-07;0.8;0.7
2009-09-08;0.8;0.7
2009-09-09;0.7;0.6
2009-09-10;0.6;0.6
2009-09-11;0.6;0.6
2009-09-12;0.7;0.6
2009-09-13;0.7;0.6
2009-09-14;0.8;0.6
2009-09-15;1.6;0.6
2009-09-16;1.4;0.6
2009-09-17;1.1;0.6
2009-09-18;1.0;0.6
2009-09-19;1.0;0.6
2009-09-20;0.9;0.6
2009-09-21;0.9;0.6
2009-09-22;0.9;0.6
2009-09-23;0.9;0.5
2009-09-24;0.9;0.5
2009-09-25;0.9;0.5
2009-09-26;0.9;0.5
2009-09-27;0.9;0.5
2009-09-28;0.8;0.5
2009-09-29;0.8;0.5
2009-09-30;0.8;0.5
2009-10-01;0.8;0.5
2009-10-02;0.8;0.5
2009-10-03;0.8;0.5
2009-10-04;0.8;0.5
2009-10-05;0.7;0.5
2009-10-06;1.0;0.5
2009-10-07;1.0;0.5
2009-10-08;0.9;0.6
2009-10-09;0.9;0.5
2009-10-10;1.2;0.6
2009-10-11;1.4;0.7
2009-10-12;1.5;1.0
2009-10-13;1.5;1.0
2009-10-14;1.4;0.9
2009-10-15;1.4;0.7
2009-10-16;1.3;0.7
2009-10-17;1.2;0.7
2009-10-18;1.1;0.6
2009-10-19;1.0;0.6
2009-10-20;1.0;0.5
2009-10-21;1.0;0.5
2009-10-22;1.0;0.5
2009-10-23;1.0;0.4
2009-10-24;0.9;0.4
2009-10-25;0.8;0.4
2009-10-26;0.8;0.4
2009-10-27;0.8;0.4
2009-10-28;0.8;0.4
2009-10-29;0.7;0.4
2009-10-30;0.7;0.4
2009-10-31;0.7;0.4
2009-11-01;0.8;0.3
2009-11-02;1.7;0.4
2009-11-03;1.9;0.5
2009-11-04;1.5;0.8
2009-11-05;1.9;1.0
2009-11-06;1.4;0.9
2009-11-07;1.2;0.8
2009-11-08;1.2;0.8
2009-11-09;1.3;0.9
2009-11-10;4.0;1.8
2009-11-11;3.7;2.0
2009-11-12;2.3;1.8
2009-11-13;1.9;1.6
2009-11-14;1.7;1.3
2009-11-15;1.5;1.3
2009-11-16;1.4;1.1
2009-11-17;2.2;1.8
2009-11-18;4.0;3.4
2009-11-19;2.5;2.6
2009-11-20;1.8;2.0
2009-11-21;1.6;1.6
2009-11-22;1.7;1.3
2009-11-23;1.7;2.1
2009-11-24;7.9;5.2
2009-11-25;6.5;5.6
2009-11-26;5.9;6.6
2009-11-27;7.8;9.2
2009-11-28;9.8;9.2
2009-11-29;9.7;9.9
2009-11-30;8.1;9.3
2009-12-01;6.2;7.1
2009-12-02;4.6;5.6
2009-12-03;4.0;4.9
2009-12-04;5.7;7.5
2009-12-05;5.1;5.9
2009-12-06;5.1;6.5
2009-12-07;6.0;7.1
2009-12-08;6.7;8.4
2009-12-09;8.6;9.6
2009-12-10;10.7;12.9
2009-12-11;16.2;15.7
2009-12-12;16.7;15.2
2009-12-13;13.4;14.6
2009-12-14;9.8;11.1
2009-12-15;7.1;8.5
2009-12-16;5.8;6.5
2009-12-17;4.6;5.0
2009-12-18;3.8;3.9
2009-12-19;3.2;3.1
2009-12-20;3.1;2.5
2009-12-21;4.3;2.1
2009-12-22;4.4;2.1
2009-12-23;6.2;6.3
2009-12-24;5.0;5.4
2009-12-25;10.9;10.4
2009-12-26;15.2;8.3
2009-12-27;11.0;6.4
2009-12-28;8.5;5.7
2009-12-29;7.1;5.1
2009-12-30;15.5;11.6
2009-12-31;22.1;14.0
2010-01-01;26.6;17.6
2010-01-02;16.7;13.4
2010-01-03;11.4;10.2
2010-01-04;8.3;7.8
2010-01-05;6.8;6.1
2010-01-06;5.4;4.8
2010-01-07;4.4;3.8
2010-01-08;3.6;3.1
2010-01-09;3.1;2.5
2010-01-10;3.1;2.1
2010-01-11;2.9;1.8
2010-01-12;2.8;1.6
2010-01-13;2.7;1.4
2010-01-14;2.5;1.2
2010-01-15;2.3;1.2
2010-01-16;2.2;1.1
2010-01-17;2.9;2.0
2010-01-18;8.2;13.6
2010-01-19;8.5;14.7
2010-01-20;9.9;11.7
2010-01-21;8.9;9.2
2010-01-22;7.5;7.1
2010-01-23;6.6;5.6
2010-01-24;5.9;4.4
2010-01-25;5.3;3.5
2010-01-26;4.4;2.8
2010-01-27;3.1;2.4
2010-01-28;4.5;2.2
2010-01-29;4.3;5.1
2010-01-30;4.1;11.0
2010-01-31;3.3;8.5
2010-02-01;3.3;6.6
2010-02-02;3.0;5.1
2010-02-03;3.8;4.3
2010-02-04;4.8;7.3
2010-02-05;10.2;13.0
2010-02-06;17.5;18.3
2010-02-07;21.5;20.4
2010-02-08;20.8;18.1
2010-02-09;17.0;13.8
2010-02-10;12.5;10.6
2010-02-11;9.5;8.2
2010-02-12;7.8;6.4
2010-02-13;6.3;5.0
2010-02-14;5.6;4.0
2010-02-15;5.0;3.3
2010-02-16;4.5;2.7
2010-02-17;4.1;2.3
2010-02-18;4.8;2.5
2010-02-19;5.9;9.0
2010-02-20;6.4;11.7
2010-02-21;6.1;9.2
2010-02-22;6.3;11.0
2010-02-23;43.8;30.5
2010-02-24;72.9;29.5
2010-02-25;72.1;29.0
2010-02-26;54.9;24.0
2010-02-27;37.4;20.5
2010-02-28;29.6;21.7
2010-03-01;26.6;19.8
2010-03-02;19.5;15.2
2010-03-03;14.6;11.7
2010-03-04;12.2;9.1
2010-03-05;10.1;7.2
2010-03-06;8.3;5.8
2010-03-07;7.0;4.7
2010-03-08;6.0;3.9
2010-03-09;5.7;3.3
2010-03-10;5.1;2.8
2010-03-11;5.0;2.5
2010-03-12;4.6;2.4
2010-03-13;4.6;4.3
2010-03-14;5.1;8.8
2010-03-15;6.7;12.4
2010-03-16;10.1;14.5
2010-03-17;11.9;11.8
2010-03-18;10.8;9.2
2010-03-19;9.4;7.3
2010-03-20;8.6;9.0
2010-03-21;24.9;26.7
2010-03-22;28.9;23.1
2010-03-23;21.9;17.8
2010-03-24;16.8;13.7
2010-03-25;13.3;10.7
2010-03-26;12.1;9.6
2010-03-27;13.3;17.2
2010-03-28;11.1;14.6
2010-03-29;11.9;16.4
2010-03-30;13.2;15.4
2010-03-31;11.9;14.0
2010-04-01;10.1;12.3
2010-04-02;8.3;9.8
2010-04-03;7.4;8.3
2010-04-04;6.8;7.0
2010-04-05;6.5;8.3
2010-04-06;5.5;6.7
2010-04-07;4.9;5.4
2010-04-08;4.5;4.5
2010-04-09;4.1;4.6
2010-04-10;3.7;3.8
2010-04-11;3.3;3.3
2010-04-12;3.3;3.2
2010-04-13;3.4;4.3
2010-04-14;3.2;3.6
2010-04-15;2.8;3.1
2010-04-16;2.5;2.7
2010-04-17;2.3;2.4
2010-04-18;2.2;2.2
2010-04-19;2.1;2.0
2010-04-20;2.0;1.9
2010-04-21;1.8;1.8
2010-04-22;1.8;1.7
2010-04-23;1.8;1.7
2010-04-24;1.7;1.6
2010-04-25;1.7;1.6
2010-04-26;1.8;2.2
2010-04-27;1.6;2.0
2010-04-28;1.5;1.8
2010-04-29;1.5;1.7
2010-04-30;1.5;1.6
2010-05-01;1.5;1.6
2010-05-02;1.5;1.5
2010-05-03;1.7;1.8
2010-05-04;1.6;2.0
2010-05-05;1.4;1.9
2010-05-06;2.0;2.5
2010-05-07;6.9;5.3
2010-05-08;6.6;5.8
2010-05-09;5.0;4.6
2010-05-10;4.2;3.8
2010-05-11;3.7;3.5
2010-05-12;7.4;7.4
2010-05-13;6.5;6.4
2010-05-14;6.0;6.2
2010-05-15;5.1;5.0
2010-05-16;4.3;4.1
2010-05-17;3.6;3.4
2010-05-18;3.3;3.5
2010-05-19;2.8;2.9
2010-05-20;2.5;2.6
2010-05-21;2.2;2.3
2010-05-22;2.0;2.0
2010-05-23;1.9;1.8
2010-05-24;1.8;1.6
2010-05-25;1.8;1.5
2010-05-26;2.0;1.5
2010-05-27;2.3;1.8
2010-05-28;2.2;2.3
2010-05-29;1.7;2.1
2010-05-30;1.7;2.7
2010-05-31;1.9;3.1
2010-06-01;1.9;3.0
2010-06-02;1.6;2.5
2010-06-03;1.4;2.2
2010-06-04;1.3;1.9
2010-06-05;1.2;1.7
2010-06-06;1.2;1.5
2010-06-07;1.9;1.9
2010-06-08;1.4;1.6
2010-06-09;1.3;1.6
2010-06-10;1.5;1.7
2010-06-11;1.8;2.2
2010-06-12;1.6;2.0
2010-06-13;1.5;2.2
2010-06-14;1.3;1.8
2010-06-15;1.2;1.6
2010-06-16;1.1;1.4
2010-06-17;1.3;1.3
2010-06-18;1.6;1.5
2010-06-19;1.3;1.4
2010-06-20;1.2;1.3
2010-06-21;1.2;1.3
2010-06-22;1.1;1.2
2010-06-23;1.0;1.1
2010-06-24;1.0;1.0
2010-06-25;0.9;1.0
2010-06-26;0.9;0.9
2010-06-27;0.9;0.9
2010-06-28;0.9;0.9
2010-06-29;0.8;0.9
2010-06-30;0.9;0.9
2010-07-01;0.8;0.8
2010-07-02;0.8;0.8
2010-07-03;1.4;0.8
2010-07-04;1.8;0.8
2010-07-05;1.2;0.8
2010-07-06;1.1;0.8
2010-07-07;1.0;0.8
2010-07-08;0.9;0.8
2010-07-09;0.8;0.8
2010-07-10;0.8;0.7
2010-07-11;1.0;0.7
2010-07-12;1.1;0.7
2010-07-13;0.8;0.7
2010-07-14;0.9;0.7
2010-07-15;1.2;0.7
2010-07-16;1.1;0.7
2010-07-17;1.0;0.7
2010-07-18;0.9;0.7
2010-07-19;0.9;0.7
2010-07-20;0.9;0.7
2010-07-21;0.9;0.7
2010-07-22;1.0;0.6
2010-07-23;1.1;0.6
2010-07-24;1.3;0.6
2010-07-25;1.1;0.6
2010-07-26;1.1;0.6
2010-07-27;1.3;0.6
2010-07-28;1.1;0.6
2010-07-29;1.2;0.6
2010-07-30;1.4;0.7
2010-07-31;1.1;0.6
2010-08-01;1.1;0.6
2010-08-02;1.0;0.6
2010-08-03;1.1;0.6
2010-08-04;1.1;0.6
2010-08-05;1.7;0.6
2010-08-06;1.3;0.6
2010-08-07;1.0;0.6
2010-08-08;1.1;0.6
2010-08-09;1.4;0.7
2010-08-10;1.2;0.6
2010-08-11;1.3;0.7
2010-08-12;2.1;0.8
2010-08-13;1.4;0.8
2010-08-14;1.0;0.7
2010-08-15;4.3;1.6
2010-08-16;16.1;12.6
2010-08-17;8.5;15.6
2010-08-18;5.1;12.5
2010-08-19;3.3;9.7
2010-08-20;2.2;7.4
2010-08-21;1.7;5.7
2010-08-22;1.4;4.4
2010-08-23;1.3;3.5
2010-08-24;1.6;3.2
2010-08-25;1.3;2.6
2010-08-26;1.1;2.2
2010-08-27;3.6;2.9
2010-08-28;7.5;5.8
2010-08-29;4.0;6.1
2010-08-30;22.0;12.7
2010-08-31;31.1;24.9
2010-09-01;15.3;19.5
2010-09-02;8.7;14.7
2010-09-03;5.6;11.2
2010-09-04;3.9;8.6
2010-09-05;2.9;6.6
2010-09-06;2.3;5.3
2010-09-07;2.8;6.5
2010-09-08;3.4;8.1
2010-09-09;2.5;7.3
2010-09-10;3.3;7.9
2010-09-11;2.9;6.4
2010-09-12;2.2;5.1
2010-09-13;2.5;5.1
2010-09-14;2.0;4.3
2010-09-15;1.9;4.5
2010-09-16;1.8;4.4
2010-09-17;2.2;4.3
2010-09-18;1.9;3.5
2010-09-19;1.6;2.8
2010-09-20;1.4;2.3
2010-09-21;1.3;1.9
2010-09-22;1.2;1.7
2010-09-23;1.2;1.5
2010-09-24;2.3;2.0
2010-09-25;6.1;4.2
2010-09-26;4.7;3.7
2010-09-27;3.6;3.8
2010-09-28;3.6;5.5
2010-09-29;3.6;4.9
2010-09-30;3.5;4.4
2010-10-01;4.6;6.0
2010-10-02;5.6;8.0
2010-10-03;6.5;6.3
2010-10-04;5.3;4.9
2010-10-05;4.3;4.1
2010-10-06;3.4;3.5
2010-10-07;2.7;2.8
2010-10-08;2.3;2.3
2010-10-09;2.0;1.9
2010-10-10;1.8;1.6
2010-10-11;1.6;1.4
2010-10-12;1.5;1.3
2010-10-13;1.4;1.2
2010-10-14;1.4;1.1
2010-10-15;1.4;1.1
2010-10-16;2.0;2.1
2010-10-17;2.7;3.3
2010-10-18;2.1;2.7
2010-10-19;2.0;2.4
2010-10-20;2.4;3.2
2010-10-21;3.0;3.6
2010-10-22;2.8;2.9
2010-10-23;2.6;2.4
2010-10-24;2.6;2.9
2010-10-25;2.3;2.5
2010-10-26;2.0;2.1
2010-10-27;1.8;1.8
2010-10-28;1.7;1.6
2010-10-29;1.7;1.4
2010-10-30;1.7;1.3
2010-10-31;1.6;1.3
2010-11-01;1.6;1.4
2010-11-02;1.5;1.2
2010-11-03;1.4;1.1
2010-11-04;1.4;1.1
2010-11-05;1.3;1.0
2010-11-06;1.6;1.1
2010-11-07;2.8;2.6
2010-11-08;3.8;3.7
2010-11-09;4.6;3.6
2010-11-10;5.2;4.7
2010-11-11;6.1;6.0
2010-11-12;14.2;10.7
2010-11-13;31.8;18.2
2010-11-14;43.2;26.8
2010-11-15;24.8;21.5
2010-11-16;15.6;16.3
2010-11-17;11.0;12.5
2010-11-18;8.5;10.0
2010-11-19;6.7;7.8
2010-11-20;5.4;6.1
2010-11-21;4.6;4.8
2010-11-22;4.1;3.8
2010-11-23;3.7;3.4
2010-11-24;3.5;3.7
2010-11-25;3.3;3.7
2010-11-26;3.0;3.6
2010-11-27;2.8;2.9
2010-11-28;2.6;2.4
2010-11-29;2.5;2.0
2010-11-30;2.3;1.7
2010-12-01;2.0;1.5
2010-12-02;1.9;1.3
2010-12-03;1.8;1.2
2010-12-04;1.4;1.1
2010-12-05;1.9;1.1
2010-12-06;1.8;1.0
2010-12-07;1.7;1.0
2010-12-08;1.7;0.9
2010-12-09;1.8;0.9
2010-12-10;1.8;1.0
2010-12-11;3.9;2.6
2010-12-12;15.9;6.4
2010-12-13;19.3;10.1
2010-12-14;13.0;7.8
2010-12-15;8.9;6.0
2010-12-16;6.7;4.7
2010-12-17;6.5;3.7
2010-12-18;4.8;3.0
2010-12-19;4.6;2.4
2010-12-20;4.5;2.0
2010-12-21;3.8;1.8
2010-12-22;3.8;4.1
2010-12-23;11.6;21.8
2010-12-24;15.9;16.5
2010-12-25;12.4;12.6
2010-12-26;9.6;9.6
2010-12-27;8.1;7.4
2010-12-28;7.0;5.8
2010-12-29;6.3;4.5
2010-12-30;5.7;3.6
2010-12-31;5.3;3.0
2011-01-01;5.3;2.9
